#HOLE:,U1520B
#EXPEDITION:,372
#TOP:,1.0223
#BOTTOM:,748.8494
DEPTH_LSF,RHON
m,g/cm3
1.0223,1.049896
1.1747,1.098157
1.3271,1.145182
1.4795,1.221161
1.6319,1.28262
1.7843,1.345982
1.9367,1.383609
2.0891,1.420912
2.2415,1.420743
2.3939,1.41514
2.5463,1.421229
2.6987,1.427922
2.8511,1.449488
3.0035,1.485508
3.1559,1.500453
3.3083,1.505517
3.4607,1.479914
3.6131,1.480935
3.7655,1.483649
3.9179,1.430308
4.0703,1.391732
4.2227,1.362212
4.3751,1.320632
4.5275,1.311385
4.6799,1.3168
4.8323,1.316792
4.9847,1.347401
5.1371,1.353482
5.2895,1.367769
5.4419,1.392336
5.5943,1.417942
5.7467,1.435526
5.8991,1.447578
6.0515,1.440116
6.2039,1.442046
6.3563,1.437506
6.5087,1.410177
6.6611,1.393915
6.8135,1.38286
6.9659,1.387877
7.1183,1.387236
7.2707,1.39013
7.4231,1.412412
7.5755,1.413481
7.7279,1.41154
7.8803,1.393259
8.0327,1.379074
8.1851,1.370986
8.3375,1.38367
8.4899,1.415685
8.6423,1.465089
8.7947,1.494097
8.9471,1.54426
9.0995,1.567044
9.2519,1.592063
9.4043,1.602159
9.5567,1.571192
9.7091,1.554404
9.8615,1.521804
10.0139,1.499946
10.1663,1.532021
10.3187,1.560912
10.4711,1.557646
10.6235,1.580177
10.7759,1.59331
10.9283,1.568909
11.0807,1.56426
11.2331,1.5768
11.3855,1.597185
11.5379,1.614766
11.6903,1.632788
11.8427,1.641106
11.9951,1.640116
12.1475,1.625901
12.2999,1.620888
12.4523,1.620135
12.6047,1.623041
12.7571,1.634258
12.9095,1.645029
13.0619,1.611673
13.2143,1.625233
13.3667,1.639042
13.5191,1.626543
13.6715,1.652061
13.8239,1.700544
13.9763,1.73994
14.1287,1.769449
14.2811,1.727888
14.4335,1.669117
14.5859,1.624295
14.7383,1.557496
14.8907,1.502098
15.0431,1.475411
15.1955,1.517149
15.3479,1.547362
15.5003,1.554052
15.6527,1.560297
15.8051,1.548971
15.9575,1.523106
16.1099,1.509326
16.2623,1.469464
16.4147,1.42127
16.5671,1.402655
16.7195,1.379895
16.8719,1.351707
17.0243,1.34604
17.1767,1.376048
17.3291,1.434821
17.4815,1.502525
17.6339,1.523106
17.7863,1.545323
17.9387,1.593557
18.0911,1.618668
18.2435,1.612
18.3959,1.581772
18.5483,1.545336
18.7007,1.536405
18.8531,1.491112
19.0055,1.467945
19.1579,1.462672
19.3103,1.467051
19.4627,1.443694
19.6151,1.452742
19.7675,1.440568
19.9199,1.431369
20.0723,1.450046
20.2247,1.460109
20.3771,1.51826
20.5295,1.551291
20.6819,1.533671
20.8343,1.566881
20.9867,1.568835
21.1391,1.503416
21.2915,1.455844
21.4439,1.474429
21.5963,1.404911
21.7487,1.392198
21.9011,1.428972
22.0535,1.470211
22.2059,1.480608
22.3583,1.505447
22.5107,1.577936
22.6631,1.586843
22.8155,1.543672
22.9679,1.53639
23.1203,1.539217
23.2727,1.501539
23.4251,1.507571
23.5775,1.488633
23.7299,1.446385
23.8823,1.391576
24.0347,1.336449
24.1871,1.300816
24.3395,1.29206
24.4919,1.283569
24.6443,1.278794
24.7967,1.294216
24.9491,1.310076
25.1015,1.326785
25.2539,1.359464
25.4063,1.394377
25.5587,1.446497
25.7111,1.513255
25.8635,1.572247
26.0159,1.595504
26.1683,1.615324
26.3207,1.63527
26.4731,1.659395
26.6255,1.637816
26.7779,1.642172
26.9303,1.662369
27.0827,1.67611
27.2351,1.683056
27.3875,1.718583
27.5399,1.725632
27.6923,1.725407
27.8447,1.697949
27.9971,1.651305
28.1495,1.618103
28.3019,1.604379
28.4543,1.579013
28.6067,-999.25
28.7591,-999.25
28.9115,-999.25
29.0639,-999.25
29.2163,-999.25
29.3687,-999.25
29.5211,-999.25
29.6735,-999.25
29.8259,-999.25
29.9783,-999.25
30.1307,-999.25
30.2831,-999.25
30.4355,-999.25
30.5879,-999.25
30.7403,-999.25
30.8927,-999.25
31.0451,-999.25
31.1975,-999.25
31.3499,-999.25
31.5023,-999.25
31.6547,-999.25
31.8071,-999.25
31.9595,-999.25
32.1119,-999.25
32.2643,-999.25
32.4167,-999.25
32.5691,1.511392
32.7215,1.532958
32.8739,1.558336
33.0263,1.555192
33.1787,1.555969
33.3311,1.562092
33.4835,1.568523
33.6359,1.557801
33.7883,1.524642
33.9407,1.490285
34.0931,1.472692
34.2455,1.438212
34.3979,1.452106
34.5503,1.461744
34.7027,1.490498
34.8551,1.513993
35.0075,1.562934
35.1599,1.592227
35.3123,1.618214
35.4647,1.663399
35.6171,1.705175
35.7695,1.725348
35.9219,1.740723
36.0743,1.741225
36.2267,1.725623
36.3791,1.72608
36.5315,1.704475
36.6839,1.663995
36.8363,1.651899
36.9887,1.654965
37.1411,-999.25
37.2935,-999.25
37.4459,-999.25
37.5983,-999.25
37.7507,-999.25
37.9031,-999.25
38.0555,-999.25
38.2079,-999.25
38.3603,-999.25
38.5127,-999.25
38.6651,-999.25
38.8175,-999.25
38.9699,-999.25
39.1223,-999.25
39.2747,-999.25
39.4271,-999.25
39.5795,-999.25
39.7319,-999.25
39.8843,-999.25
40.0367,-999.25
40.1891,-999.25
40.3415,-999.25
40.4939,-999.25
40.6463,-999.25
40.7987,-999.25
40.9511,-999.25
41.1035,-999.25
41.2559,-999.25
41.4083,-999.25
41.5607,-999.25
41.7131,-999.25
41.8655,-999.25
42.0179,-999.25
42.1703,-999.25
42.3227,-999.25
42.4751,1.389736
42.6275,1.359245
42.7799,1.340741
42.9323,1.303015
43.0847,1.275917
43.2371,1.280097
43.3895,1.241378
43.5419,1.17219
43.6943,1.134304
43.8467,1.141458
43.9991,1.152838
44.1515,1.190166
44.3039,1.244561
44.4563,1.32131
44.6087,1.371405
44.7611,1.409394
44.9135,1.416024
45.0659,1.423209
45.2183,1.433804
45.3707,1.452219
45.5231,1.463859
45.6755,1.432334
45.8279,1.420809
45.9803,1.421553
46.1327,1.407212
46.2851,1.404792
46.4375,1.385413
46.5899,1.389707
46.7423,1.388119
46.8947,1.413759
47.0471,1.436232
47.1995,1.44392
47.3519,1.446359
47.5043,1.432993
47.6567,-999.25
47.8091,1.454242
47.9615,1.503575
48.1139,1.537997
48.2663,1.6031
48.4187,1.61439
48.5711,1.658493
48.7235,1.671985
48.8759,1.68145
49.0283,1.64798
49.1807,1.641685
49.3331,1.620797
49.4855,1.589279
49.6379,1.564907
49.7903,1.572631
49.9427,1.553533
50.0951,1.530647
50.2475,1.493389
50.3999,1.483201
50.5523,1.467142
50.7047,1.425647
50.8571,1.375309
51.0095,1.348499
51.1619,1.324732
51.3143,-999.25
51.4667,-999.25
51.6191,-999.25
51.7715,-999.25
51.9239,-999.25
52.0763,-999.25
52.2287,-999.25
52.3811,1.41596
52.5335,1.416566
52.6859,1.40921
52.8383,1.387482
52.9907,1.380885
53.1431,1.396953
53.2955,1.415126
53.4479,1.457551
53.6003,1.477322
53.7527,1.472562
53.9051,1.528121
54.0575,1.616398
54.2099,1.658818
54.3623,1.68583
54.5147,1.690535
54.6671,1.680269
54.8195,1.682562
54.9719,1.668988
55.1243,1.680323
55.2767,1.701063
55.4291,1.715339
55.5815,1.681866
55.7339,1.692878
55.8863,1.669975
56.0387,1.630413
56.1911,1.568444
56.3435,1.512583
56.4959,1.439364
56.6483,1.380694
56.8007,1.340773
56.9531,1.312002
57.1055,1.315523
57.2579,1.328045
57.4103,1.353982
57.5627,1.395284
57.7151,1.426139
57.8675,1.415781
58.0199,1.461264
58.1723,1.472264
58.3247,1.481419
58.4771,1.481982
58.6295,1.501648
58.7819,1.492613
58.9343,1.508706
59.0867,1.513901
59.2391,1.545993
59.3915,1.595427
59.5439,1.609583
59.6963,1.622434
59.8487,1.658393
60.0011,1.685382
60.1535,1.667352
60.3059,-999.25
60.4583,-999.25
60.6107,-999.25
60.7631,1.621027
60.9155,1.602304
61.0679,1.621181
61.2203,1.612223
61.3727,1.617924
61.5251,1.666579
61.6775,1.692443
61.8299,1.65077
61.9823,1.631849
62.1347,1.617328
62.2871,1.546005
62.4395,1.474866
62.5919,1.449578
62.7443,1.440451
62.8967,1.425046
63.0491,1.468862
63.2015,1.48306
63.3539,1.492288
63.5063,1.507684
63.6587,1.535516
63.8111,1.530715
63.9635,1.556979
64.1159,1.561924
64.2683,1.557484
64.4207,1.580309
64.5731,1.549324
64.7255,1.512772
64.8779,1.486398
65.0303,1.451082
65.1827,1.394482
65.3351,1.34419
65.4875,1.297392
65.6399,1.300084
65.7923,1.267952
65.9447,1.361861
66.0971,1.394466
66.2495,1.427881
66.4019,1.490995
66.5543,1.566342
66.7067,1.531946
66.8591,1.550957
67.0115,1.571636
67.1639,1.58739
67.3163,1.590228
67.4687,1.603538
67.6211,1.619975
67.7735,1.58535
67.9259,1.547805
68.0783,1.503252
68.2307,1.4781
68.3831,1.42963
68.5355,1.391877
68.6879,1.32957
68.8403,1.297584
68.9927,1.29334
69.1451,1.284546
69.2975,1.266587
69.4499,1.283829
69.6023,1.280411
69.7547,1.282622
69.9071,1.292717
70.0595,1.313648
70.2119,-999.25
70.3643,-999.25
70.5167,-999.25
70.6691,-999.25
70.8215,-999.25
70.9739,-999.25
71.1263,-999.25
71.2787,-999.25
71.4311,-999.25
71.5835,1.253403
71.7359,1.294134
71.8883,1.346303
72.0407,1.390103
72.1931,1.413068
72.3455,1.455045
72.4979,1.521211
72.6503,1.538513
72.8027,1.51439
72.9551,1.521599
73.1075,1.498978
73.2599,1.509402
73.4123,1.520838
73.5647,1.495451
73.7171,1.477234
73.8695,1.465635
74.0219,1.433048
74.1743,1.408653
74.3267,1.364246
74.4791,1.346325
74.6315,1.369663
74.7839,1.391935
74.9363,1.454809
75.0887,1.519558
75.2411,1.547562
75.3935,1.55468
75.5459,1.600789
75.6983,1.611234
75.8507,1.616826
76.0031,1.620738
76.1555,1.601816
76.3079,1.583176
76.4603,1.560144
76.6127,1.538164
76.7651,1.525808
76.9175,1.526646
77.0699,1.531345
77.2223,1.535968
77.3747,1.534591
77.5271,1.550704
77.6795,1.586034
77.8319,1.574231
77.9843,1.557881
78.1367,1.53687
78.2891,1.497619
78.4415,1.468122
78.5939,1.449592
78.7463,1.438592
78.8987,1.433623
79.0511,1.436693
79.2035,1.484235
79.3559,1.48886
79.5083,1.525815
79.6607,1.503525
79.8131,1.528478
79.9655,1.498048
80.1179,1.544454
80.2703,1.534725
80.4227,1.546588
80.5751,1.526555
80.7276,1.509705
80.8800,1.449282
81.0324,1.407013
81.1848,1.361721
81.3372,1.392766
81.4896,1.408025
81.6420,1.425664
81.7944,1.442811
81.9468,1.466901
82.0992,1.476322
82.2516,1.494849
82.4040,1.463144
82.5564,1.450734
82.7088,1.452156
82.8612,1.452785
83.0136,1.426666
83.1660,1.430314
83.3184,1.436137
83.4708,1.430332
83.6232,1.412067
83.7756,1.417343
83.9280,1.396321
84.0804,1.368353
84.2328,1.395997
84.3852,1.440998
84.5376,1.495788
84.6900,1.576545
84.8424,1.609035
84.9948,1.618348
85.1472,1.608538
85.2996,1.621089
85.4520,1.601979
85.6044,1.624655
85.7568,1.618708
85.9092,1.616849
86.0616,1.596159
86.2140,1.527301
86.3664,1.474023
86.5188,1.42581
86.6712,1.372658
86.8236,1.340475
86.9760,1.379241
87.1284,1.425712
87.2808,1.458493
87.4332,1.483131
87.5856,1.502738
87.7380,1.526902
87.8904,1.545742
88.0428,1.58205
88.1952,1.58327
88.3476,1.611702
88.5000,1.651395
88.6524,1.660782
88.8048,1.610695
88.9572,1.5714
89.1096,1.494542
89.2620,1.401771
89.4144,1.288141
89.5668,1.222101
89.7192,1.242815
89.8716,1.28216
90.0240,1.318571
90.1764,1.384184
90.3288,1.462239
90.4812,1.50982
90.6336,1.528599
90.7860,1.538184
90.9384,1.529329
91.0908,1.520255
91.2432,1.507178
91.3956,1.50967
91.5480,1.497637
91.7004,1.485771
91.8528,1.480892
92.0052,1.468223
92.1576,1.446131
92.3100,1.452943
92.4624,1.452824
92.6148,1.444019
92.7672,1.446745
92.9196,1.463835
93.0720,1.462379
93.2244,1.507023
93.3768,1.498984
93.5292,1.510551
93.6816,1.523751
93.8340,1.539603
93.9864,1.547422
94.1388,1.571792
94.2912,1.556273
94.4436,1.574591
94.5960,1.585125
94.7484,1.61407
94.9008,1.621604
95.0532,1.63838
95.2056,1.644783
95.3580,1.643966
95.5104,1.652439
95.6628,1.658744
95.8152,1.650317
95.9676,1.649899
96.1200,1.648998
96.2724,1.653851
96.4248,1.658053
96.5772,1.667722
96.7296,1.657997
96.8820,1.664628
97.0344,1.678045
97.1868,1.691609
97.3392,1.681306
97.4916,1.675874
97.6440,1.671209
97.7964,1.656237
97.9488,1.629894
98.1012,1.611685
98.2536,1.604506
98.4060,1.605613
98.5584,1.600646
98.7108,1.59887
98.8632,1.607103
99.0156,1.602479
99.1680,1.609151
99.3204,1.600855
99.4728,1.602019
99.6252,1.598429
99.7776,1.616947
99.9300,1.6282
100.0824,1.653393
100.2348,1.646699
100.3872,1.65449
100.5396,1.628443
100.6920,1.613295
100.8444,1.59686
100.9968,1.576121
101.1492,1.566975
101.3016,1.565244
101.4540,1.554492
101.6064,1.56998
101.7588,1.584091
101.9112,1.601596
102.0636,1.61404
102.2160,1.652911
102.3684,1.675067
102.5208,1.69302
102.6732,1.687634
102.8256,1.694297
102.9780,1.671237
103.1304,1.642582
103.2828,1.641529
103.4352,1.650364
103.5876,1.651514
103.7400,1.635647
103.8924,1.644396
104.0448,1.648527
104.1972,1.633397
104.3496,1.594434
104.5020,1.540625
104.6544,1.470331
104.8068,1.386202
104.9592,1.317981
105.1116,1.266584
105.2640,1.259696
105.4164,1.254622
105.5688,1.264813
105.7212,1.3035
105.8736,1.365967
106.0260,1.433133
106.1784,1.496369
106.3308,1.530712
106.4832,1.582645
106.6356,1.615234
106.7880,1.614162
106.9404,1.619097
107.0928,1.644367
107.2452,1.656418
107.3976,1.675909
107.5500,1.684616
107.7024,1.71289
107.8548,1.705171
108.0072,1.713305
108.1596,1.725999
108.3120,1.717468
108.4644,1.697095
108.6168,1.698838
108.7692,1.691718
108.9216,1.684144
109.0740,1.68219
109.2264,1.677073
109.3788,1.701209
109.5312,1.684922
109.6836,1.66222
109.8360,1.635541
109.9884,1.644306
110.1408,1.63266
110.2932,1.619998
110.4456,1.617868
110.5980,1.631372
110.7504,1.627555
110.9028,1.616195
111.0552,1.623129
111.2076,1.628092
111.3600,1.625644
111.5124,1.636289
111.6648,1.642865
111.8172,1.642387
111.9696,1.662981
112.1220,1.6654
112.2744,1.665412
112.4268,1.681948
112.5792,1.678223
112.7316,1.687573
112.8840,1.688596
113.0364,1.671633
113.1888,1.66872
113.3412,1.676271
113.4936,1.668113
113.6460,1.658675
113.7984,1.671321
113.9508,1.67099
114.1032,1.679622
114.2556,1.686026
114.4080,1.700718
114.5604,1.687476
114.7128,1.693517
114.8652,1.68516
115.0176,1.680514
115.1700,1.67449
115.3224,1.701212
115.4748,1.704275
115.6272,1.715357
115.7796,1.702808
115.9320,1.71341
116.0844,1.713185
116.2368,1.710322
116.3892,1.679809
116.5416,1.677746
116.6940,1.671335
116.8464,1.676487
116.9988,1.69474
117.1512,1.682884
117.3036,1.679542
117.4560,1.682424
117.6084,1.688533
117.7608,1.688538
117.9132,1.702184
118.0656,1.711408
118.2180,1.702355
118.3704,1.70807
118.5228,1.708512
118.6752,1.703872
118.8276,1.706652
118.9800,1.719983
119.1324,1.699024
119.2848,1.705708
119.4372,1.697722
119.5896,1.714073
119.7420,1.715355
119.8944,1.704573
120.0468,1.689957
120.1992,1.683409
120.3516,1.663652
120.5040,1.6393
120.6564,1.627694
120.8088,1.629438
120.9612,1.642854
121.1136,1.653862
121.2660,1.676238
121.4184,1.679311
121.5708,1.682589
121.7232,1.689591
121.8756,1.711363
122.0280,1.717218
122.1804,1.710495
122.3328,1.718071
122.4852,1.721402
122.6376,1.729246
122.7900,1.726016
122.9424,1.719667
123.0948,1.723292
123.2472,1.723416
123.3996,1.707094
123.5520,1.702625
123.7044,1.698592
123.8568,1.692647
124.0092,1.705503
124.1616,1.719705
124.3140,1.708323
124.4664,1.706087
124.6188,1.71773
124.7712,1.712624
124.9236,1.710327
125.0760,1.724603
125.2284,1.722257
125.3808,1.738078
125.5332,1.716564
125.6856,1.717589
125.8380,1.699851
125.9904,1.705729
126.1428,1.706123
126.2952,1.70396
126.4476,1.703691
126.6000,1.706961
126.7524,1.706436
126.9048,1.713036
127.0572,1.722061
127.2096,1.707358
127.3620,1.694052
127.5144,1.697729
127.6668,1.726015
127.8192,1.741188
127.9716,1.748177
128.1240,1.753408
128.2764,1.747688
128.4288,1.745854
128.5812,1.738595
128.7336,1.70393
128.8860,1.686928
129.0384,1.670318
129.1908,1.668911
129.3432,1.656335
129.4956,1.642163
129.6480,1.643164
129.8004,1.647773
129.9528,1.650765
130.1052,1.657924
130.2576,1.668562
130.4100,1.660345
130.5624,1.657752
130.7148,1.640676
130.8672,1.630082
131.0196,1.605857
131.1720,1.581249
131.3244,1.553566
131.4768,1.525429
131.6292,1.48139
131.7816,1.493484
131.9340,1.486096
132.0864,1.514186
132.2388,1.519452
132.3912,1.566226
132.5436,1.579733
132.6960,1.608224
132.8484,1.630778
133.0008,1.630379
133.1532,1.640725
133.3056,1.669399
133.4580,1.69963
133.6104,1.688485
133.7628,1.688779
133.9152,1.697805
134.0676,1.703029
134.2200,1.689653
134.3724,1.687119
134.5248,1.677196
134.6772,1.655247
134.8296,1.660504
134.9820,1.662912
135.1344,1.681738
135.2868,1.684972
135.4392,1.687378
135.5916,1.680592
135.7440,1.678136
135.8964,1.669304
136.0488,1.663509
136.2012,1.67612
136.3536,1.696464
136.5060,1.721938
136.6584,1.727993
136.8108,1.723263
136.9632,1.710758
137.1156,1.7108
137.2680,1.704648
137.4204,1.706502
137.5728,1.709627
137.7252,1.706536
137.8776,1.710744
138.0300,1.707725
138.1824,1.714375
138.3348,1.699594
138.4872,1.679136
138.6396,1.65665
138.7920,1.640156
138.9444,1.613186
139.0968,1.631259
139.2492,1.627936
139.4016,1.641936
139.5540,1.625141
139.7064,1.643963
139.8588,1.656064
140.0112,1.665675
140.1636,1.645001
140.3160,1.65905
140.4684,1.679608
140.6208,1.698755
140.7732,1.693787
140.9256,1.703645
141.0780,1.719388
141.2304,1.726409
141.3828,1.719527
141.5352,1.716451
141.6876,1.719035
141.8400,1.720319
141.9924,1.725708
142.1448,1.710597
142.2972,1.714819
142.4496,1.712288
142.6020,1.690143
142.7544,1.673796
142.9068,1.666219
143.0592,1.651524
143.2116,1.637073
143.3640,1.629223
143.5164,1.632849
143.6688,1.627479
143.8212,1.618696
143.9736,1.631365
144.1260,1.621946
144.2784,1.596226
144.4308,1.581624
144.5832,1.580816
144.7356,1.54411
144.8880,1.534334
145.0404,1.530519
145.1928,1.521683
145.3452,1.536694
145.4976,1.548911
145.6500,1.563854
145.8024,1.616483
145.9548,1.629415
146.1072,1.653365
146.2596,1.690408
146.4120,1.707165
146.5644,1.708269
146.7168,1.750681
146.8692,1.75622
147.0216,1.752997
147.1740,1.755469
147.3264,1.773492
147.4788,1.777899
147.6312,1.770383
147.7836,1.757269
147.9360,1.75247
148.0884,1.755772
148.2408,1.736899
148.3932,1.713045
148.5456,1.675315
148.6980,1.669414
148.8504,1.649468
149.0028,1.634447
149.1552,1.597726
149.3076,1.624675
149.4600,1.604929
149.6124,1.601639
149.7648,1.618867
149.9172,1.646333
150.0696,1.656108
150.2220,1.652642
150.3744,1.647492
150.5268,1.646188
150.6792,1.658137
150.8316,1.66995
150.9840,1.654009
151.1364,1.672392
151.2888,1.680056
151.4412,1.695227
151.5936,1.706814
151.7460,1.743383
151.8984,1.734696
152.0508,1.743267
152.2032,1.742127
152.3556,1.734189
152.5080,1.73016
152.6604,1.728393
152.8128,1.729746
152.9652,1.750246
153.1176,1.744605
153.2700,1.730452
153.4224,1.741331
153.5748,1.747753
153.7272,1.744664
153.8796,1.757974
154.0320,1.75897
154.1844,1.760653
154.3368,1.764434
154.4892,1.786438
154.6416,1.782804
154.7940,1.796544
154.9464,1.804897
155.0988,1.797181
155.2512,1.775627
155.4036,1.79153
155.5560,1.789984
155.7084,1.789266
155.8608,1.778309
156.0132,1.773001
156.1656,1.77361
156.3180,1.811893
156.4704,1.788968
156.6228,1.766045
156.7752,1.731706
156.9276,1.719562
157.0800,1.68267
157.2324,1.677579
157.3848,1.667593
157.5372,1.657162
157.6896,1.64102
157.8420,1.641775
157.9944,1.59133
158.1468,1.596538
158.2992,1.569714
158.4516,1.557752
158.6040,1.536136
158.7564,1.523579
158.9088,1.531665
159.0612,1.55403
159.2136,1.541086
159.3660,1.580192
159.5184,1.617331
159.6708,1.635615
159.8232,1.626513
159.9756,1.614657
160.1280,1.619673
160.2804,1.629864
160.4328,1.610299
160.5852,1.625341
160.7376,1.635434
160.8900,1.62846
161.0424,1.651046
161.1948,1.667403
161.3472,1.674075
161.4996,1.675414
161.6520,1.700971
161.8044,1.705022
161.9568,1.705017
162.1092,1.713898
162.2616,1.712511
162.4140,1.725068
162.5664,1.722878
162.7188,1.714172
162.8712,1.716067
163.0236,1.725957
163.1760,1.729061
163.3284,1.739357
163.4808,1.725401
163.6332,1.715845
163.7856,1.704678
163.9380,1.695166
164.0904,1.700176
164.2428,1.695988
164.3952,1.71183
164.5476,1.708397
164.7000,1.724098
164.8524,1.724279
165.0048,1.726782
165.1572,1.713572
165.3096,1.707695
165.4620,1.708905
165.6144,1.687615
165.7668,1.681857
165.9192,1.682397
166.0716,1.677238
166.2240,1.675272
166.3764,1.697063
166.5288,1.683672
166.6812,1.686388
166.8336,1.710342
166.9860,1.721636
167.1384,1.726591
167.2908,1.727927
167.4432,1.707868
167.5956,1.68111
167.7480,1.64307
167.9004,1.617788
168.0528,1.592915
168.2052,1.564283
168.3576,1.555486
168.5100,1.584857
168.6624,1.595923
168.8148,1.601559
168.9672,1.614731
169.1196,1.610787
169.2720,1.625411
169.4244,1.635647
169.5768,1.651316
169.7292,1.664125
169.8816,1.68992
170.0340,1.689574
170.1864,1.695987
170.3388,1.698808
170.4912,1.696686
170.6436,1.691984
170.7960,1.703735
170.9484,1.674242
171.1008,1.657226
171.2532,1.621582
171.4056,1.589731
171.5580,1.58283
171.7104,1.604018
171.8628,1.635957
172.0152,1.667287
172.1676,1.706156
172.3200,1.748054
172.4724,1.791874
172.6248,1.777038
172.7772,1.771725
172.9296,1.76005
173.0820,1.777237
173.2344,1.786181
173.3868,1.776171
173.5392,1.77873
173.6916,1.775353
173.8440,1.777667
173.9964,1.773181
174.1488,1.750533
174.3012,1.712941
174.4536,1.702853
174.6060,1.698726
174.7584,1.714043
174.9108,1.722815
175.0632,1.739128
175.2156,1.755815
175.3680,1.780093
175.5204,1.781384
175.6728,1.77601
175.8252,1.778988
175.9776,1.79669
176.1300,1.794743
176.2824,1.818515
176.4348,1.831591
176.5872,1.845271
176.7396,1.84664
176.8920,1.842238
177.0444,1.828317
177.1968,1.808049
177.3492,1.797901
177.5016,1.758619
177.6540,1.749125
177.8064,1.710775
177.9588,1.685627
178.1112,1.705875
178.2636,1.702845
178.4160,1.67099
178.5684,1.653446
178.7208,1.603761
178.8732,1.568504
179.0256,1.542495
179.1780,1.545714
179.3304,1.570946
179.4828,1.623388
179.6352,1.645938
179.7876,1.684343
179.9400,1.698756
180.0924,1.719614
180.2448,1.717704
180.3972,1.756733
180.5496,1.750522
180.7020,1.757352
180.8544,1.772965
181.0068,1.769754
181.1592,1.782183
181.3116,1.79132
181.4640,1.776644
181.6164,1.768411
181.7688,1.771448
181.9212,1.774678
182.0736,1.779016
182.2260,1.774564
182.3784,1.779946
182.5308,1.780123
182.6832,1.764159
182.8356,1.751687
182.9880,1.724402
183.1404,1.710239
183.2928,1.719449
183.4452,1.695549
183.5976,1.683488
183.7500,1.695799
183.9024,1.705661
184.0548,1.705312
184.2072,1.719931
184.3596,1.725845
184.5120,1.733055
184.6644,1.747679
184.8168,1.763316
184.9692,1.746857
185.1216,1.770351
185.2740,1.786234
185.4264,1.796682
185.5788,1.800993
185.7312,1.783381
185.8836,1.781554
186.0360,1.760805
186.1884,1.748597
186.3408,1.725552
186.4932,1.741899
186.6456,1.743583
186.7980,1.758227
186.9504,1.753105
187.1028,1.766334
187.2552,1.752191
187.4076,1.738102
187.5600,1.728926
187.7124,1.729758
187.8648,1.720402
188.0172,1.72223
188.1696,1.738624
188.3220,1.730305
188.4744,1.704238
188.6268,1.689327
188.7792,1.658292
188.9316,1.642371
189.0840,1.621064
189.2364,1.620587
189.3888,1.631313
189.5412,1.65899
189.6936,1.675251
189.8460,1.695667
189.9984,1.689486
190.1508,1.716843
190.3032,1.728438
190.4556,1.724561
190.6080,1.728621
190.7604,1.728029
190.9128,1.730914
191.0652,1.753255
191.2176,1.754857
191.3700,1.734954
191.5224,1.720411
191.6748,1.705998
191.8272,1.710202
191.9796,1.705287
192.1320,1.705989
192.2844,1.720486
192.4368,1.710184
192.5892,1.728211
192.7416,1.732665
192.8940,1.72148
193.0464,1.728063
193.1988,1.732336
193.3512,1.733994
193.5036,1.745317
193.6560,1.741454
193.8084,1.743057
193.9608,1.741486
194.1132,1.739097
194.2656,1.730433
194.4180,1.7346
194.5704,1.752611
194.7228,1.768304
194.8752,1.764165
195.0276,1.76973
195.1800,1.775678
195.3324,1.767491
195.4848,1.749592
195.6372,1.734571
195.7896,1.711259
195.9420,1.692693
196.0944,1.685764
196.2468,1.683745
196.3992,1.691365
196.5516,1.713418
196.7040,1.698723
196.8564,1.692743
197.0088,1.658164
197.1612,1.657336
197.3136,1.652122
197.4660,1.631302
197.6184,1.629412
197.7708,1.644151
197.9232,1.649881
198.0756,1.677848
198.2280,1.685882
198.3804,1.701229
198.5328,1.714838
198.6852,1.724068
198.8376,1.719629
198.9900,1.727446
199.1424,1.717054
199.2948,1.708041
199.4472,1.707237
199.5996,1.716753
199.7520,1.714125
199.9044,1.737079
200.0568,1.762536
200.2092,1.782879
200.3616,1.786967
200.5140,1.794014
200.6664,1.795898
200.8188,1.79546
200.9712,1.788367
201.1236,1.794814
201.2760,1.790664
201.4284,1.792298
201.5808,1.791599
201.7332,1.773431
201.8856,1.760925
202.0380,1.752653
202.1904,1.747503
202.3428,1.75085
202.4952,1.746917
202.6476,1.745125
202.8000,1.740561
202.9524,1.748564
203.1048,1.750304
203.2572,1.743794
203.4096,1.742251
203.5620,1.758924
203.7144,1.76812
203.8668,1.777274
204.0192,1.770259
204.1716,1.764583
204.3240,1.764564
204.4764,1.758196
204.6288,1.739929
204.7812,1.727084
204.9336,1.715748
205.0860,1.704851
205.2384,1.708611
205.3908,1.710859
205.5432,1.70902
205.6956,1.718724
205.8480,1.735329
206.0004,1.745342
206.1528,1.756506
206.3052,1.726972
206.4576,1.710366
206.6100,1.694046
206.7624,1.682387
206.9148,1.661076
207.0672,1.665396
207.2196,1.6564
207.3720,1.692074
207.5244,1.719587
207.6768,1.719027
207.8292,1.714259
207.9816,1.716977
208.1340,1.723111
208.2864,1.716624
208.4388,1.71615
208.5912,1.69887
208.7436,1.701635
208.8960,1.709813
209.0484,1.734605
209.2008,1.752026
209.3532,1.758562
209.5056,1.744077
209.6580,1.765481
209.8104,1.771333
209.9628,1.754812
210.1152,1.731489
210.2676,1.7224
210.4200,1.724485
210.5724,1.731698
210.7248,1.711038
210.8772,1.722126
211.0296,1.738058
211.1820,1.770604
211.3344,1.80374
211.4868,1.829086
211.6392,1.836363
211.7916,1.855723
211.9440,1.838802
212.0964,1.829201
212.2488,1.821746
212.4012,1.823546
212.5536,1.816269
212.7060,1.833172
212.8584,1.848098
213.0108,1.845297
213.1632,1.825681
213.3156,1.829652
213.4680,1.820826
213.6204,1.814803
213.7728,1.814453
213.9252,1.813588
214.0776,1.816727
214.2300,1.82291
214.3824,1.811671
214.5348,1.809075
214.6872,1.806911
214.8396,1.798471
214.9920,1.783323
215.1444,1.793238
215.2968,1.798116
215.4492,1.806684
215.6016,1.818761
215.7540,1.817978
215.9064,1.81404
216.0588,1.797182
216.2112,1.799424
216.3636,1.798252
216.5160,1.809424
216.6684,1.796186
216.8208,1.80214
216.9732,1.801798
217.1256,1.80707
217.2780,1.774926
217.4304,1.759192
217.5828,1.755845
217.7352,1.739305
217.8876,1.734333
218.0400,1.740034
218.1924,1.747764
218.3448,1.763052
218.4972,1.791086
218.6496,1.807156
218.8020,1.822968
218.9544,1.836957
219.1068,1.83888
219.2592,1.816796
219.4116,1.764611
219.5640,1.695422
219.7164,1.637298
219.8688,1.584831
220.0212,1.564674
220.1736,1.574597
220.3260,1.618754
220.4784,1.651779
220.6308,1.706402
220.7832,1.757991
220.9356,1.778997
221.0880,1.819662
221.2404,1.825696
221.3928,1.812329
221.5452,1.812009
221.6976,1.831771
221.8500,1.837557
222.0024,1.845828
222.1548,1.844105
222.3072,1.821974
222.4596,1.820501
222.6120,1.840535
222.7644,1.830163
222.9168,1.81536
223.0692,1.788164
223.2216,1.794549
223.3740,1.798227
223.5264,1.807878
223.6788,1.798522
223.8312,1.783157
223.9836,1.77179
224.1360,1.759629
224.2884,1.734566
224.4408,1.746999
224.5932,1.755898
224.7456,1.759891
224.8980,1.765419
225.0504,1.764491
225.2028,1.704314
225.3552,1.68849
225.5076,1.611418
225.6600,1.522299
225.8124,1.45832
225.9648,1.442888
226.1172,1.420934
226.2696,1.422656
226.4220,1.47925
226.5744,1.517962
226.7268,1.558736
226.8792,1.594781
227.0316,1.596613
227.1840,1.586749
227.3364,1.548607
227.4888,1.472666
227.6412,1.398196
227.7936,1.354042
227.9460,1.275228
228.0984,1.279026
228.2508,1.308115
228.4032,1.338082
228.5556,1.373225
228.7080,1.437169
228.8604,1.435737
229.0128,1.428693
229.1652,1.394747
229.3176,1.375424
229.4700,1.35805
229.6224,1.337906
229.7748,1.30066
229.9272,1.298847
230.0796,1.29128
230.2320,1.321262
230.3844,1.38556
230.5368,1.494158
230.6892,1.55603
230.8416,1.614092
230.9940,1.668388
231.1464,1.679737
231.2988,1.664692
231.4512,1.654913
231.6036,1.661167
231.7560,1.602609
231.9084,1.551521
232.0608,1.501876
232.2132,1.522937
232.3656,1.554439
232.5180,1.554892
232.6704,1.579032
232.8228,1.663191
232.9752,1.657099
233.1276,1.654961
233.2800,1.621994
233.4324,1.597919
233.5848,1.585109
233.7372,1.532935
233.8896,1.488075
234.0420,1.469324
234.1944,1.440191
234.3468,1.396974
234.4992,1.367017
234.6516,1.348258
234.8040,1.338995
234.9564,1.311826
235.1088,1.302288
235.2612,1.296192
235.4136,1.283517
235.5660,1.281833
235.7184,1.276997
235.8708,1.291125
236.0232,1.312515
236.1756,1.328165
236.3280,1.345137
236.4804,1.355762
236.6328,1.359187
236.7852,1.365397
236.9376,1.4181
237.0900,1.443528
237.2424,1.473723
237.3948,1.497982
237.5472,1.540683
237.6996,1.577049
237.8520,1.622621
238.0044,1.629193
238.1568,1.63475
238.3092,1.618603
238.4616,1.606185
238.6140,1.565502
238.7664,1.538009
238.9188,1.503213
239.0712,1.471035
239.2236,1.461114
239.3760,1.440625
239.5284,1.434354
239.6808,1.423803
239.8332,1.418383
239.9856,1.398301
240.1380,1.410997
240.2904,1.417453
240.4428,1.429752
240.5952,1.433456
240.7476,1.426399
240.9000,1.402749
241.0524,1.393735
241.2048,1.387041
241.3572,1.379083
241.5096,1.378975
241.6620,1.389575
241.8144,1.453797
241.9668,1.489112
242.1192,1.528052
242.2716,1.556059
242.4240,1.590806
242.5764,1.592197
242.7288,1.582951
242.8812,1.559834
243.0336,1.523857
243.1860,1.488937
243.3384,1.472071
243.4908,1.452889
243.6432,1.42563
243.7956,1.395165
243.9480,1.412434
244.1004,1.465396
244.2528,1.495604
244.4052,1.540597
244.5576,1.601994
244.7100,1.627214
244.8624,1.646908
245.0148,1.670417
245.1672,1.677395
245.3196,1.646618
245.4720,1.634547
245.6244,1.629922
245.7768,1.614553
245.9292,1.590318
246.0816,1.574138
246.2340,1.596919
246.3864,1.631494
246.5388,1.634825
246.6912,1.635345
246.8436,1.636021
246.9960,1.60057
247.1484,1.582067
247.3008,1.563682
247.4532,1.534373
247.6056,1.544135
247.7580,1.580774
247.9104,1.614546
248.0628,1.623087
248.2152,1.595414
248.3676,1.565452
248.5200,1.521798
248.6724,1.47313
248.8248,1.443963
248.9772,1.444296
249.1296,1.464113
249.2820,1.487227
249.4344,1.507994
249.5868,1.505864
249.7392,1.499525
249.8916,1.508803
250.0440,1.499057
250.1964,1.529143
250.3488,1.545033
250.5012,1.552269
250.6536,1.510463
250.8060,1.504561
250.9584,1.476183
251.1108,1.455478
251.2632,1.473705
251.4156,1.50474
251.5680,1.54896
251.7204,1.581951
251.8728,1.608515
252.0252,1.602091
252.1776,1.610002
252.3300,1.61945
252.4824,1.612946
252.6348,1.624523
252.7872,1.632365
252.9396,1.681587
253.0920,1.703115
253.2444,1.711326
253.3968,1.714645
253.5492,1.73146
253.7016,1.717091
253.8540,1.728423
254.0064,1.728143
254.1588,1.760458
254.3112,1.736798
254.4636,1.721589
254.6160,1.710644
254.7684,1.665349
254.9208,1.608358
255.0732,1.600638
255.2256,1.607727
255.3780,1.629966
255.5304,1.672497
255.6828,1.702771
255.8352,1.748741
255.9876,1.768891
256.1400,1.778371
256.2924,1.785772
256.4448,1.78721
256.5972,1.778184
256.7496,1.789449
256.9020,1.777164
257.0544,1.783548
257.2068,1.781272
257.3592,1.813472
257.5116,1.815266
257.6640,1.824375
257.8164,1.826635
257.9688,1.831043
258.1212,1.823747
258.2736,1.809458
258.4260,1.796745
258.5784,1.811768
258.7308,1.798815
258.8832,1.768617
259.0356,1.760737
259.1880,1.741166
259.3404,1.727564
259.4928,1.73605
259.6452,1.736429
259.7976,1.742959
259.9500,1.772582
260.1024,1.784073
260.2548,1.787114
260.4072,1.774252
260.5596,1.763923
260.7120,1.757749
260.8644,1.76248
261.0168,1.777146
261.1692,1.774625
261.3216,1.771971
261.4740,1.775355
261.6264,1.760595
261.7788,1.748245
261.9312,1.744522
262.0836,1.723031
262.2360,1.70094
262.3884,1.698416
262.5408,1.692316
262.6932,1.694448
262.8456,1.689243
262.9980,1.707793
263.1504,1.725786
263.3028,1.744049
263.4552,1.766671
263.6076,1.755672
263.7600,1.72849
263.9124,1.684262
264.0648,1.671543
264.2172,1.645919
264.3696,1.638853
264.5220,1.618656
264.6744,1.629748
264.8268,1.632186
264.9792,1.676432
265.1316,1.66519
265.2840,1.646451
265.4364,1.645457
265.5888,1.656082
265.7412,1.676225
265.8936,1.674706
266.0460,1.693869
266.1984,1.716445
266.3508,1.729259
266.5032,1.747393
266.6556,1.763481
266.8080,1.738328
266.9604,1.733326
267.1128,1.736876
267.2652,1.737723
267.4176,1.719432
267.5700,1.704732
267.7224,1.698836
267.8748,1.685215
268.0272,1.676508
268.1796,1.670316
268.3320,1.643423
268.4844,1.599752
268.6368,1.555621
268.7892,1.537346
268.9416,1.5233
269.0940,1.520822
269.2464,1.547793
269.3988,1.577292
269.5512,1.596392
269.7036,1.594135
269.8560,1.613425
270.0084,1.624906
270.1608,1.628339
270.3132,1.599182
270.4656,1.573603
270.6180,1.552661
270.7704,1.528874
270.9228,1.519014
271.0752,1.517305
271.2276,1.534906
271.3800,1.560626
271.5324,1.584817
271.6848,1.599948
271.8372,1.596416
271.9896,1.58346
272.1420,1.543036
272.2944,1.5436
272.4468,1.541958
272.5992,1.536597
272.7516,1.528995
272.9040,1.523514
273.0564,1.533257
273.2088,1.52313
273.3612,1.526547
273.5136,1.557772
273.6660,1.590945
273.8184,1.594389
273.9708,1.582785
274.1232,1.555171
274.2756,1.535742
274.4280,1.520374
274.5804,1.482546
274.7328,1.465005
274.8852,1.427437
275.0376,1.424179
275.1900,1.40833
275.3424,1.417784
275.4948,1.433668
275.6472,1.4779
275.7996,1.518247
275.9520,1.553502
276.1044,1.560852
276.2568,1.566902
276.4092,1.562468
276.5616,1.574168
276.7140,1.573162
276.8664,1.613246
277.0188,1.625634
277.1712,1.629238
277.3236,1.652367
277.4760,1.653085
277.6284,1.63927
277.7808,1.661215
277.9332,1.635958
278.0856,1.61493
278.2380,1.571435
278.3904,1.523095
278.5428,1.513225
278.6952,1.529948
278.8476,1.537651
279.0000,1.549097
279.1524,1.536117
279.3048,1.502199
279.4572,1.473459
279.6096,1.454488
279.7620,1.461976
279.9144,1.46206
280.0668,1.481544
280.2192,1.486993
280.3716,1.487474
280.5240,1.473719
280.6764,1.470437
280.8288,1.479381
280.9812,1.478599
281.1336,1.475388
281.2860,1.517335
281.4384,1.555796
281.5908,1.596685
281.7432,1.598472
281.8956,1.58262
282.0480,1.566605
282.2004,1.561342
282.3528,1.534712
282.5052,1.523206
282.6576,1.528701
282.8100,1.519223
282.9624,1.521394
283.1148,1.508902
283.2672,1.496254
283.4196,1.476798
283.5720,1.450938
283.7244,1.427126
283.8768,1.390972
284.0292,1.362072
284.1816,1.362446
284.3340,1.350791
284.4864,1.332738
284.6388,1.364229
284.7912,1.395536
284.9436,1.375763
285.0960,1.397389
285.2484,1.454273
285.4008,1.488241
285.5532,1.501501
285.7056,1.547961
285.8580,1.561139
286.0104,1.554315
286.1628,1.561612
286.3152,1.547925
286.4676,1.528295
286.6200,1.507965
286.7724,1.520088
286.9248,1.515278
287.0772,1.518941
287.2296,1.523445
287.3820,1.54571
287.5344,1.540352
287.6868,1.541842
287.8392,1.511494
287.9916,1.481328
288.1440,1.46075
288.2964,1.459082
288.4488,1.489209
288.6012,1.537871
288.7536,1.572075
288.9060,1.617895
289.0584,1.65301
289.2108,1.655092
289.3632,1.655741
289.5156,1.651456
289.6680,1.614977
289.8204,1.573994
289.9728,1.569228
290.1252,1.551248
290.2776,1.523434
290.4300,1.520179
290.5824,1.493493
290.7348,1.466294
290.8872,1.464181
291.0396,1.452227
291.1920,1.457967
291.3444,1.477064
291.4968,1.4698
291.6492,1.484592
291.8016,1.533449
291.9540,1.541958
292.1064,1.583569
292.2588,1.57344
292.4112,1.605371
292.5636,1.584203
292.7160,1.576738
292.8684,1.536624
293.0208,1.533649
293.1732,1.474933
293.3256,1.448616
293.4780,1.464761
293.6304,1.464658
293.7828,1.46419
293.9352,1.424662
294.0876,1.409426
294.2400,1.392083
294.3924,1.372738
294.5448,1.330423
294.6972,1.315297
294.8496,1.318637
295.0020,1.33884
295.1544,1.385591
295.3068,1.401021
295.4592,1.420732
295.6116,1.43888
295.7640,1.457778
295.9164,1.491691
296.0688,1.52661
296.2212,1.543687
296.3736,1.561742
296.5260,1.54694
296.6784,1.502946
296.8308,1.467896
296.9832,1.474648
297.1356,1.459351
297.2880,1.451175
297.4404,1.439661
297.5928,1.436055
297.7452,1.432899
297.8976,1.464562
298.0500,1.438168
298.2024,1.458582
298.3548,1.48268
298.5072,1.504837
298.6596,1.511369
298.8120,1.543313
298.9644,1.520747
299.1168,1.524383
299.2692,1.518636
299.4216,1.505858
299.5740,1.508837
299.7264,1.486379
299.8788,1.485457
300.0312,1.482134
300.1836,1.460708
300.3360,1.425844
300.4884,1.408809
300.6408,1.401781
300.7932,1.414657
300.9456,1.424254
301.0980,1.449098
301.2504,1.47668
301.4028,1.519336
301.5552,1.505276
301.7076,1.529896
301.8600,1.53984
302.0124,1.54681
302.1648,1.527316
302.3172,1.529154
302.4696,1.519833
302.6220,1.53846
302.7744,1.539852
302.9268,1.538043
303.0792,1.517393
303.2316,1.515313
303.3840,1.486783
303.5364,1.463995
303.6888,1.433917
303.8412,1.415255
303.9936,1.378631
304.1460,1.385599
304.2984,1.39915
304.4508,1.435636
304.6032,1.493224
304.7556,1.540282
304.9080,1.560828
305.0604,1.572131
305.2128,1.587489
305.3652,1.579744
305.5176,1.587716
305.6700,1.547708
305.8224,1.524966
305.9748,1.507443
306.1272,1.501667
306.2796,1.470956
306.4320,1.497002
306.5844,1.500619
306.7368,1.540613
306.8892,1.56851
307.0416,1.621467
307.1940,1.640329
307.3464,1.66215
307.4988,1.630626
307.6512,1.636814
307.8036,1.635597
307.9560,1.621522
308.1084,1.620375
308.2608,1.630847
308.4132,1.650536
308.5656,1.646451
308.7180,1.64704
308.8704,1.636809
309.0228,1.620507
309.1752,1.610318
309.3276,1.606671
309.4800,1.57314
309.6324,1.582627
309.7848,1.575717
309.9372,1.576744
310.0896,1.563782
310.2420,1.576723
310.3944,1.574818
310.5468,1.564707
310.6992,1.566357
310.8516,1.558744
311.0040,1.581477
311.1564,1.609574
311.3088,1.65286
311.4612,1.670408
311.6136,1.691349
311.7660,1.656763
311.9184,1.658396
312.0708,1.632174
312.2232,1.620762
312.3756,1.612475
312.5280,1.618528
312.6804,1.633106
312.8328,1.677801
312.9852,1.692541
313.1376,1.688012
313.2900,1.669173
313.4424,1.651013
313.5948,1.638302
313.7472,1.67336
313.8996,1.659772
314.0520,1.654912
314.2044,1.672419
314.3568,1.675114
314.5092,1.640008
314.6616,1.633329
314.8140,1.634604
314.9664,1.641342
315.1188,1.641194
315.2712,1.644796
315.4236,1.658867
315.5760,1.656662
315.7284,1.673371
315.8808,1.685942
316.0332,1.687461
316.1856,1.685975
316.3380,1.668419
316.4904,1.655255
316.6428,1.65246
316.7952,1.636797
316.9476,1.6288
317.1000,1.610475
317.2524,1.586616
317.4048,1.597349
317.5572,1.611488
317.7096,1.595515
317.8620,1.596758
318.0144,1.599843
318.1668,1.607491
318.3192,1.6118
318.4716,1.625657
318.6240,1.630622
318.7764,1.657614
318.9288,1.683303
319.0812,1.698914
319.2336,1.674758
319.3860,1.655322
319.5384,1.618389
319.6908,1.578082
319.8432,1.564746
319.9956,1.575287
320.1480,1.60178
320.3004,1.637629
320.4528,1.646224
320.6052,1.663925
320.7576,1.650263
320.9100,1.636632
321.0624,1.640416
321.2148,1.633647
321.3672,1.628044
321.5196,1.624807
321.6720,1.629993
321.8244,1.611534
321.9768,1.600838
322.1292,1.588441
322.2816,1.570163
322.4340,1.577027
322.5864,1.571294
322.7388,1.528104
322.8912,1.496356
323.0436,1.498066
323.1960,1.48723
323.3484,1.474537
323.5008,1.480703
323.6532,1.475771
323.8056,1.508174
323.9580,1.54368
324.1104,1.533189
324.2628,1.531542
324.4152,1.533448
324.5676,1.508451
324.7200,1.500949
324.8724,1.525148
325.0248,1.514477
325.1772,1.53973
325.3296,1.546409
325.4820,1.55542
325.6344,1.546919
325.7868,1.558133
325.9392,1.551776
326.0916,1.552283
326.2440,1.548208
326.3964,1.566086
326.5488,1.561006
326.7012,1.573289
326.8536,1.574908
327.0060,1.563247
327.1584,1.544001
327.3108,1.549865
327.4632,1.54711
327.6156,1.518374
327.7680,1.534945
327.9204,1.522708
328.0728,1.552558
328.2252,1.593702
328.3776,1.59953
328.5300,1.589687
328.6824,1.629358
328.8348,1.645638
328.9872,1.632728
329.1396,1.652409
329.2920,1.717821
329.4444,1.716167
329.5968,1.692289
329.7492,1.662904
329.9016,1.652766
330.0540,1.617487
330.2064,1.619206
330.3588,1.580236
330.5112,1.609654
330.6636,1.624709
330.8160,1.650016
330.9684,1.631694
331.1208,1.604518
331.2732,1.575917
331.4256,1.585399
331.5780,1.588388
331.7304,1.603573
331.8828,1.582326
332.0352,1.597161
332.1876,1.596928
332.3400,1.56082
332.4924,1.537905
332.6448,1.532563
332.7972,1.494312
332.9496,1.509588
333.1020,1.513606
333.2544,1.512206
333.4068,1.499895
333.5592,1.517226
333.7116,1.544709
333.8640,1.567125
334.0164,1.563447
334.1688,1.597861
334.3212,1.624018
334.4736,1.621438
334.6260,1.600335
334.7784,1.60823
334.9308,1.573163
335.0832,1.536015
335.2356,1.503577
335.3880,1.449985
335.5404,1.449412
335.6928,1.49141
335.8452,1.498719
335.9976,1.486039
336.1500,1.491913
336.3024,1.520306
336.4548,1.526622
336.6072,1.502374
336.7596,1.518783
336.9120,1.522853
337.0644,1.520879
337.2168,1.5342
337.3692,1.50697
337.5216,1.5145
337.6740,1.512678
337.8264,1.508089
337.9788,1.465286
338.1312,1.473154
338.2836,1.503594
338.4360,1.548346
338.5884,1.545691
338.7408,1.556503
338.8932,1.579412
339.0456,1.585107
339.1980,1.589164
339.3504,1.590605
339.5028,1.601428
339.6552,1.603421
339.8076,1.618451
339.9600,1.645457
340.1124,1.658816
340.2648,1.668431
340.4172,1.657082
340.5696,1.641815
340.7220,1.615195
340.8744,1.601674
341.0268,1.565703
341.1792,1.562073
341.3316,1.52571
341.4840,1.542716
341.6364,1.62138
341.7888,1.625056
341.9412,1.629135
342.0936,1.627463
342.2460,1.60061
342.3984,1.543519
342.5508,1.56585
342.7032,1.583282
342.8556,1.613422
343.0080,1.645497
343.1604,1.673102
343.3128,1.702017
343.4652,1.716416
343.6176,1.74532
343.7700,1.724848
343.9224,1.679331
344.0748,1.652606
344.2272,1.635893
344.3796,1.605419
344.5320,1.60284
344.6844,1.598095
344.8368,1.616015
344.9892,1.632565
345.1416,1.659472
345.2940,1.678259
345.4464,1.684298
345.5988,1.668709
345.7512,1.687272
345.9036,1.696801
346.0560,1.694846
346.2084,1.68587
346.3608,1.698891
346.5132,1.684832
346.6656,1.693996
346.8180,1.696746
346.9704,1.684752
347.1228,1.687438
347.2752,1.688943
347.4276,1.689852
347.5800,1.686961
347.7324,1.70233
347.8848,1.717787
348.0372,1.717798
348.1896,1.713063
348.3420,1.685299
348.4944,1.664503
348.6468,1.65303
348.7992,1.652049
348.9516,1.655425
349.1040,1.690623
349.2564,1.692598
349.4088,1.726395
349.5612,1.738262
349.7136,1.742904
349.8660,1.740571
350.0184,1.743505
350.1708,1.73688
350.3232,1.756023
350.4756,1.754934
350.6280,1.761793
350.7804,1.798797
350.9328,1.819354
351.0852,1.815526
351.2376,1.805023
351.3900,1.771467
351.5424,1.719994
351.6948,1.642624
351.8472,1.600497
351.9996,1.562827
352.1520,1.548875
352.3044,1.511395
352.4568,1.55031
352.6092,1.561524
352.7616,1.583089
352.9140,1.607572
353.0664,1.604384
353.2188,1.590446
353.3712,1.612035
353.5236,1.601016
353.6760,1.553133
353.8284,1.528117
353.9808,1.502213
354.1332,1.461786
354.2856,1.458885
354.4380,1.490885
354.5904,1.517534
354.7428,1.503334
354.8952,1.529522
355.0476,1.555313
355.2000,1.587757
355.3524,1.609632
355.5048,1.678009
355.6572,1.721113
355.8096,1.709221
355.9620,1.68478
356.1144,1.660921
356.2668,1.68122
356.4192,1.693774
356.5716,1.702467
356.7240,1.723933
356.8764,1.770484
357.0288,1.824852
357.1812,1.838744
357.3336,1.840309
357.4860,1.862986
357.6384,1.864185
357.7908,1.848092
357.9432,1.851224
358.0956,1.811503
358.2480,1.812907
358.4004,1.806354
358.5528,1.811505
358.7052,1.825635
358.8576,1.866421
359.0100,1.879118
359.1624,1.903022
359.3148,1.897204
359.4672,1.894652
359.6196,1.864329
359.7720,1.811676
359.9244,1.775276
360.0768,1.736101
360.2292,1.711039
360.3816,1.690078
360.5340,1.692147
360.6864,1.713601
360.8388,1.773758
360.9912,1.808842
361.1436,1.83235
361.2960,1.854485
361.4484,1.887604
361.6008,1.877228
361.7532,1.854693
361.9056,1.851205
362.0580,1.853562
362.2104,1.858825
362.3628,1.861821
362.5152,1.87704
362.6676,1.876318
362.8200,1.882267
362.9724,1.879746
363.1248,1.872186
363.2772,1.864377
363.4296,1.863057
363.5820,1.862551
363.7344,1.84418
363.8869,1.844313
364.0393,1.837766
364.1917,1.83918
364.3441,1.830624
364.4965,1.841666
364.6489,1.83526
364.8013,1.859033
364.9537,1.866003
365.1061,1.857729
365.2585,1.844277
365.4109,1.828421
365.5633,1.840755
365.7157,1.852663
365.8681,1.834834
366.0205,1.851165
366.1729,1.873863
366.3253,1.864995
366.4777,1.86568
366.6301,1.874147
366.7825,1.875331
366.9349,1.877539
367.0873,1.877012
367.2397,1.882596
367.3921,1.884501
367.5445,1.870658
367.6969,1.870649
367.8493,1.855114
368.0017,1.853835
368.1541,1.851023
368.3065,1.852404
368.4589,1.852559
368.6113,1.869562
368.7637,1.870182
368.9161,1.885423
369.0685,1.90667
369.2209,1.896661
369.3733,1.877839
369.5257,1.876355
369.6781,1.88571
369.8305,1.876249
369.9829,1.880166
370.1353,1.884587
370.2877,1.891773
370.4401,1.887
370.5925,1.871611
370.7449,1.848043
370.8973,1.856653
371.0497,1.845873
371.2021,1.858166
371.3545,1.87249
371.5069,1.866343
371.6593,1.853633
371.8117,1.841308
371.9641,1.827227
372.1165,1.826135
372.2689,1.823273
372.4213,1.832935
372.5737,1.863358
372.7261,1.897868
372.8785,1.908454
373.0309,1.926477
373.1833,1.915909
373.3357,1.894969
373.4881,1.873956
373.6405,1.829273
373.7929,1.807229
373.9453,1.747918
374.0977,1.762886
374.2501,1.744371
374.4025,1.785242
374.5549,1.788223
374.7073,1.856098
374.8597,1.860078
375.0121,1.901823
375.1645,1.904345
375.3169,1.932366
375.4693,1.927153
375.6217,1.91195
375.7741,1.867685
375.9265,1.825175
376.0789,1.766161
376.2313,1.758182
376.3837,1.745789
376.5361,1.742535
376.6885,1.794117
376.8409,1.846128
376.9933,1.873249
377.1457,1.895231
377.2981,1.879242
377.4505,1.848232
377.6029,1.809063
377.7553,1.769888
377.9077,1.77162
378.0601,1.784521
378.2125,1.797669
378.3649,1.837347
378.5173,1.896151
378.6697,1.932085
378.8221,1.922715
378.9745,1.91197
379.1269,1.892258
379.2793,1.882679
379.4317,1.872024
379.5841,1.86166
379.7365,1.873783
379.8889,1.905588
380.0413,1.912271
380.1937,1.92498
380.3461,1.921563
380.4985,1.919004
380.6509,1.915288
380.8033,1.895139
380.9557,1.890276
381.1081,1.890686
381.2605,1.882674
381.4129,1.884264
381.5653,1.894244
381.7177,1.894633
381.8701,1.898396
382.0225,1.905655
382.1749,1.910721
382.3273,1.914794
382.4797,1.918167
382.6321,1.923129
382.7845,1.933692
382.9369,1.923718
383.0893,1.913177
383.2417,1.911336
383.3941,1.91771
383.5465,1.922384
383.6989,1.90374
383.8513,1.90673
384.0037,1.903053
384.1561,1.910945
384.3085,1.887209
384.4609,1.887718
384.6133,1.880509
384.7657,1.890337
384.9181,1.856782
385.0705,1.869112
385.2229,1.868937
385.3753,1.899325
385.5277,1.891249
385.6801,1.879083
385.8325,1.87701
385.9849,1.862995
386.1373,1.870009
386.2897,1.87638
386.4421,1.876047
386.5945,1.88412
386.7469,1.885963
386.8993,1.847944
387.0517,1.84076
387.2041,1.819165
387.3565,1.805226
387.5089,1.824198
387.6613,1.848628
387.8137,1.877002
387.9661,1.899854
388.1185,1.924686
388.2709,1.909522
388.4233,1.901114
388.5757,1.904362
388.7281,1.897063
388.8805,1.888491
389.0329,1.890386
389.1853,1.892288
389.3377,1.907263
389.4901,1.914222
389.6425,1.918563
389.7949,1.937145
389.9473,1.934558
390.0997,1.911516
390.2521,1.903857
390.4045,1.91033
390.5569,1.895369
390.7093,1.878971
390.8617,1.878893
391.0141,1.871456
391.1665,1.877875
391.3189,1.865945
391.4713,1.878837
391.6237,1.882331
391.7761,1.885096
391.9285,1.902848
392.0809,1.909844
392.2333,1.885065
392.3857,1.908044
392.5381,1.909453
392.6905,1.915543
392.8429,1.920548
392.9953,1.907955
393.1477,1.915213
393.3001,1.935336
393.4525,1.899972
393.6049,1.891033
393.7573,1.906154
393.9097,1.904272
394.0621,1.926887
394.2145,1.916451
394.3669,1.924173
394.5193,1.917811
394.6717,1.914619
394.8241,1.896716
394.9765,1.874801
395.1289,1.865135
395.2813,1.869937
395.4337,1.866655
395.5861,1.839312
395.7385,1.851792
395.8909,1.865649
396.0433,1.869688
396.1957,1.855867
396.3481,1.864501
396.5005,1.834566
396.6529,1.806769
396.8053,1.800102
396.9577,1.813061
397.1101,1.802815
397.2625,1.831169
397.4149,1.847715
397.5673,1.853995
397.7197,1.870438
397.8721,1.879402
398.0245,1.870103
398.1769,1.867024
398.3293,1.863984
398.4817,1.870954
398.6341,1.886646
398.7865,1.890657
398.9389,1.89905
399.0913,1.889623
399.2437,1.887745
399.3961,1.902548
399.5485,1.905622
399.7009,1.917897
399.8533,1.910975
400.0057,1.906111
400.1581,1.909486
400.3105,1.911716
400.4629,1.88642
400.6153,1.891251
400.7677,1.895264
400.9201,1.886164
401.0725,1.89088
401.2249,1.912278
401.3773,1.908819
401.5297,1.912194
401.6821,1.926304
401.8345,1.909126
401.9869,1.890367
402.1393,1.870939
402.2917,1.863129
402.4441,1.857635
402.5965,1.865636
402.7489,1.876418
402.9013,1.901742
403.0537,1.916284
403.2061,1.939393
403.3585,1.928935
403.5109,1.931407
403.6633,1.911601
403.8157,1.90713
403.9681,1.884317
404.1205,1.883381
404.2729,1.869728
404.4253,1.851638
404.5777,1.83954
404.7301,1.801519
404.8825,1.752203
405.0349,1.679016
405.1873,1.622502
405.3397,1.559793
405.4921,1.50755
405.6445,1.476896
405.7969,1.493866
405.9493,1.496728
406.1017,1.537033
406.2541,1.528016
406.4065,1.498048
406.5589,1.485874
406.7113,1.444475
406.8637,1.384179
407.0161,1.393272
407.1685,1.419575
407.3209,1.432797
407.4733,1.45241
407.6257,1.496177
407.7781,1.535303
407.9305,1.565269
408.0829,1.595882
408.2353,1.667744
408.3877,1.729358
408.5401,1.78338
408.6925,1.841553
408.8449,1.885967
408.9973,1.892582
409.1497,1.908885
409.3021,1.907546
409.4545,1.90498
409.6069,1.907053
409.7593,1.909402
409.9117,1.901366
410.0641,1.90523
410.2165,1.883023
410.3689,1.864391
410.5213,1.842748
410.6737,1.826567
410.8261,1.801717
410.9785,1.808057
411.1309,1.812241
411.2833,1.817852
411.4357,1.79196
411.5881,1.789688
411.7405,1.807027
411.8929,1.809008
412.0453,1.809888
412.1977,1.826658
412.3501,1.829283
412.5025,1.834296
412.6549,1.832376
412.8073,1.809705
412.9597,1.807586
413.1121,1.816259
413.2645,1.790618
413.4169,1.780561
413.5693,1.752279
413.7217,1.726996
413.8741,1.732942
414.0265,1.714296
414.1789,1.696744
414.3313,1.724348
414.4837,1.743698
414.6361,1.761991
414.7885,1.782288
414.9409,1.775458
415.0933,1.775493
415.2457,1.792563
415.3981,1.793039
415.5505,1.808745
415.7029,1.804036
415.8553,1.781555
416.0077,1.752419
416.1601,1.739594
416.3125,1.732161
416.4649,1.722723
416.6173,1.756087
416.7697,1.801993
416.9221,1.857884
417.0745,1.877318
417.2269,1.907648
417.3793,1.906532
417.5317,1.907194
417.6841,1.890345
417.8365,1.882523
417.9889,1.855867
418.1413,1.85936
418.2937,1.828513
418.4461,1.814163
418.5985,1.801136
418.7509,1.776137
418.9033,1.789767
419.0557,1.799106
419.2081,1.806788
419.3605,1.83261
419.5129,1.861334
419.6653,1.84821
419.8177,1.850116
419.9701,1.833396
420.1225,1.811792
420.2749,1.813924
420.4273,1.808949
420.5797,1.793504
420.7321,1.816143
420.8845,1.839997
421.0369,1.850065
421.1893,1.873655
421.3417,1.881337
421.4941,1.885004
421.6465,1.893979
421.7989,1.883109
421.9513,1.871907
422.1037,1.878133
422.2561,1.886872
422.4085,1.903627
422.5609,1.899072
422.7133,1.911788
422.8657,1.908754
423.0181,1.91557
423.1705,1.896797
423.3229,1.903324
423.4753,1.911489
423.6277,1.922718
423.7801,1.933687
423.9325,1.926199
424.0849,1.917851
424.2373,1.9079
424.3897,1.884
424.5421,1.880454
424.6945,1.87903
424.8469,1.891767
424.9993,1.894989
425.1517,1.90719
425.3041,1.907999
425.4565,1.933708
425.6089,1.932723
425.7613,1.934081
425.9137,1.92603
426.0661,1.920365
426.2185,1.908913
426.3709,1.889737
426.5233,1.863606
426.6757,1.850011
426.8281,1.821146
426.9805,1.780766
427.1329,1.770165
427.2853,1.74358
427.4377,1.746574
427.5901,1.772557
427.7425,1.775543
427.8949,1.784052
428.0473,1.795273
428.1997,1.806919
428.3521,1.824043
428.5045,1.844406
428.6569,1.834004
428.8093,1.814815
428.9617,1.791686
429.1141,1.776808
429.2665,1.773477
429.4189,1.771219
429.5713,1.783706
429.7237,1.81456
429.8761,1.838483
430.0285,1.859405
430.1809,1.852743
430.3333,1.846819
430.4857,1.841863
430.6381,1.797378
430.7905,1.719159
430.9429,1.655131
431.0953,1.588078
431.2477,1.520709
431.4001,1.522159
431.5525,1.540931
431.7049,1.533584
431.8573,1.531158
432.0097,1.577662
432.1621,1.681187
432.3145,1.712806
432.4669,1.774302
432.6193,1.822211
432.7717,1.826409
432.9241,1.792173
433.0765,1.767851
433.2289,1.742651
433.3813,1.715309
433.5337,1.692085
433.6861,1.682989
433.8385,1.718189
433.9909,1.715372
434.1433,1.7277
434.2957,1.69528
434.4481,1.679009
434.6005,1.642976
434.7529,1.603848
434.9053,1.555178
435.0577,1.515032
435.2101,1.464508
435.3625,1.423589
435.5149,1.431081
435.6673,1.471202
435.8197,1.549362
435.9721,1.654108
436.1245,1.75034
436.2769,1.840083
436.4293,1.871706
436.5817,1.872984
436.7341,1.86384
436.8865,1.858659
437.0389,1.87291
437.1913,1.877658
437.3437,1.869203
437.4961,1.892749
437.6485,1.882257
437.8009,1.869534
437.9533,1.852437
438.1057,1.832825
438.2581,1.811353
438.4105,1.836757
438.5629,1.803536
438.7153,1.774712
438.8677,1.771728
439.0201,1.774234
439.1725,1.746127
439.3249,1.782998
439.4773,1.828152
439.6297,1.839899
439.7821,1.833871
439.9345,1.789399
440.0869,1.754313
440.2393,1.7059
440.3917,1.685748
440.5441,1.686565
440.6965,1.678751
440.8489,1.675753
441.0013,1.668648
441.1537,1.637556
441.3061,1.611104
441.4585,1.589075
441.6109,1.579454
441.7633,1.622737
441.9157,1.679011
442.0681,1.718256
442.2205,1.75747
442.3729,1.815546
442.5253,1.833093
442.6777,1.843375
442.8301,1.836427
442.9825,1.844969
443.1349,1.841113
443.2873,1.835466
443.4397,1.829788
443.5921,1.853921
443.7445,1.832091
443.8969,1.855929
444.0493,1.870921
444.2017,1.863198
444.3541,1.825428
444.5065,1.799912
444.6589,1.769163
444.8113,1.772536
444.9637,1.814683
445.1161,1.85568
445.2685,1.876514
445.4209,1.910876
445.5733,1.922781
445.7257,1.907951
445.8781,1.895457
446.0305,1.846932
446.1829,1.776437
446.3353,1.717407
446.4877,1.681069
446.6401,1.654931
446.7925,1.637449
446.9449,1.662015
447.0973,1.689812
447.2497,1.688906
447.4021,1.7003
447.5545,1.71804
447.7069,1.711527
447.8593,1.694129
448.0117,1.701716
448.1641,1.724957
448.3165,1.751011
448.4689,1.766844
448.6213,1.772424
448.7737,1.776672
448.9261,1.773479
449.0785,1.749002
449.2309,1.743934
449.3833,1.753635
449.5357,1.750983
449.6881,1.789864
449.8405,1.815027
449.9929,1.82108
450.1453,1.828896
450.2977,1.836765
450.4501,1.820778
450.6025,1.81473
450.7549,1.812619
450.9073,1.816781
451.0597,1.810456
451.2121,1.775025
451.3645,1.738366
451.5169,1.700318
451.6693,1.659685
451.8217,1.643842
451.9741,1.641636
452.1265,1.674189
452.2789,1.705415
452.4313,1.727846
452.5837,1.712964
452.7361,1.655053
452.8885,1.6125
453.0409,1.580969
453.1933,1.53898
453.3457,1.538683
453.4981,1.48905
453.6505,1.453534
453.8029,1.41837
453.9553,1.373758
454.1077,1.335278
454.2601,1.318403
454.4125,1.279277
454.5649,1.277124
454.7173,1.290072
454.8697,1.32136
455.0221,1.407638
455.1745,1.511629
455.3269,1.586006
455.4793,1.638369
455.6317,1.644682
455.7841,1.602858
455.9365,1.539669
456.0889,1.463326
456.2413,1.417274
456.3937,1.437458
456.5461,1.484115
456.6985,1.523484
456.8509,1.571343
457.0033,1.614328
457.1557,1.657928
457.3081,1.690623
457.4605,1.723588
457.6129,1.760244
457.7653,1.805132
457.9177,1.811483
458.0701,1.804416
458.2225,1.800521
458.3749,1.800819
458.5273,1.781569
458.6797,1.777195
458.8321,1.784892
458.9845,1.812066
459.1369,1.831471
459.2893,1.853029
459.4417,1.846452
459.5941,1.820862
459.7465,1.791724
459.8989,1.782645
460.0513,1.76539
460.2037,1.77756
460.3561,1.791833
460.5085,1.799758
460.6609,1.81245
460.8133,1.824229
460.9657,1.809804
461.1181,1.825732
461.2705,1.840802
461.4229,1.827152
461.5753,1.822251
461.7277,1.786028
461.8801,1.774165
462.0325,1.766377
462.1849,1.775479
462.3373,1.790647
462.4897,1.816178
462.6421,1.829772
462.7945,1.847755
462.9469,1.834836
463.0993,1.789703
463.2517,1.771434
463.4041,1.764608
463.5565,1.735334
463.7089,1.709793
463.8613,1.726709
464.0137,1.723915
464.1661,1.757297
464.3185,1.80033
464.4709,1.819903
464.6233,1.853951
464.7757,1.890934
464.9281,1.908205
465.0805,1.908775
465.2329,1.894835
465.3853,1.851193
465.5377,1.821987
465.6901,1.825379
465.8425,1.816333
465.9949,1.80349
466.1473,1.81139
466.2997,1.797791
466.4521,1.782691
466.6045,1.779618
466.7569,1.766921
466.9093,1.760758
467.0617,1.768438
467.2141,1.798272
467.3665,1.798052
467.5189,1.791005
467.6713,1.789239
467.8237,1.790381
467.9761,1.76879
468.1285,1.777805
468.2809,1.794841
468.4333,1.81258
468.5857,1.829437
468.7381,1.831215
468.8905,1.829367
469.0429,1.806229
469.1953,1.806374
469.3477,1.811217
469.5001,1.828389
469.6525,1.845696
469.8049,1.85938
469.9573,1.862854
470.1097,1.880038
470.2621,1.874951
470.4145,1.88134
470.5669,1.885321
470.7193,1.862275
470.8717,1.842974
471.0241,1.819261
471.1765,1.783804
471.3289,1.766422
471.4813,1.778516
471.6337,1.798198
471.7861,1.836238
471.9385,1.860735
472.0909,1.858512
472.2433,1.865878
472.3957,1.874673
472.5481,1.867931
472.7005,1.878319
472.8529,1.869525
473.0053,1.872369
473.1577,1.870634
473.3101,1.89104
473.4625,1.897629
473.6149,1.90058
473.7673,1.909675
473.9197,1.93192
474.0721,1.940151
474.2245,1.938856
474.3769,1.946705
474.5293,1.960689
474.6817,1.961788
474.8341,1.95271
474.9865,1.939661
475.1389,1.91842
475.2913,1.905531
475.4437,1.890807
475.5961,1.856106
475.7485,1.837869
475.9009,1.814824
476.0533,1.805111
476.2057,1.815256
476.3581,1.854117
476.5105,1.895427
476.6629,1.90562
476.8153,1.911967
476.9677,1.917551
477.1201,1.899601
477.2725,1.877864
477.4249,1.874035
477.5773,1.879351
477.7297,1.875841
477.8821,1.862435
478.0345,1.841272
478.1869,1.821039
478.3393,1.814493
478.4917,1.814657
478.6441,1.823768
478.7965,1.825325
478.9489,1.839108
479.1013,1.837274
479.2537,1.831248
479.4061,1.831125
479.5585,1.81919
479.7109,1.766556
479.8633,1.726013
480.0157,1.6805
480.1681,1.629137
480.3205,1.650128
480.4729,1.670281
480.6253,1.698619
480.7777,1.747092
480.9301,1.784137
481.0825,1.817065
481.2349,1.822479
481.3873,1.807938
481.5397,1.810798
481.6921,1.78832
481.8445,1.775773
481.9969,1.735512
482.1493,1.702515
482.3017,1.675873
482.4541,1.630344
482.6065,1.553594
482.7589,1.525864
482.9113,1.484359
483.0637,1.461291
483.2161,1.412535
483.3685,1.364697
483.5209,1.389218
483.6733,1.431376
483.8257,1.471406
483.9781,1.587378
484.1305,1.71445
484.2829,1.789851
484.4353,1.802504
484.5877,1.796504
484.7401,1.738098
484.8925,1.685379
485.0449,1.642755
485.1973,1.65715
485.3497,1.635113
485.5021,1.60236
485.6545,1.582836
485.8069,1.61615
485.9593,1.626415
486.1117,1.635936
486.2641,1.664862
486.4165,1.689296
486.5689,1.668786
486.7213,1.697209
486.8737,1.795033
487.0261,1.891223
487.1785,1.853541
487.3309,1.898757
487.4833,1.898152
487.6357,-999.25
487.7881,-999.25
487.9405,-999.25
488.0929,-999.25
488.2453,-999.25
488.3977,-999.25
488.5501,-999.25
488.7025,-999.25
488.8549,-999.25
489.0073,-999.25
489.1597,-999.25
489.3121,-999.25
489.4645,-999.25
489.6169,-999.25
489.7693,-999.25
489.9217,-999.25
490.0741,-999.25
490.2265,-999.25
490.3789,-999.25
490.5313,-999.25
490.6837,-999.25
490.8361,-999.25
490.9885,-999.25
491.1409,-999.25
491.2933,-999.25
491.4457,-999.25
491.5981,-999.25
491.7505,-999.25
491.9029,-999.25
492.0553,-999.25
492.2077,-999.25
492.3601,-999.25
492.5125,-999.25
492.6649,-999.25
492.8173,-999.25
492.9697,-999.25
493.1221,-999.25
493.2745,1.720888
493.4269,1.797567
493.5793,1.769933
493.7317,1.782401
493.8841,1.811502
494.0365,1.776012
494.1889,1.715565
494.3413,1.675909
494.4937,1.630158
494.6461,1.587847
494.7985,1.544224
494.9509,1.504508
495.1033,1.474444
495.2557,1.4998
495.4081,1.532149
495.5605,1.579995
495.7129,1.565162
495.8653,1.560332
496.0177,1.523193
496.1701,1.530064
496.3225,1.526185
496.4749,1.554107
496.6273,1.585907
496.7797,1.672294
496.9321,1.714206
497.0845,1.747155
497.2369,1.754211
497.3893,1.751497
497.5417,1.754752
497.6941,1.76284
497.8465,1.771467
497.9989,1.795053
498.1513,1.81698
498.3037,1.843181
498.4561,1.837942
498.6085,1.822106
498.7609,1.799509
498.9133,1.699904
499.0657,1.656084
499.2181,1.598799
499.3705,1.56484
499.5229,1.54593
499.6753,1.544271
499.8277,1.534685
499.9801,1.55241
500.1325,1.52586
500.2849,1.516198
500.4373,1.502477
500.5897,1.50685
500.7421,1.502712
500.8945,1.549326
501.0469,1.627414
501.1993,1.644371
501.3517,1.656869
501.5041,1.602936
501.6565,1.559349
501.8089,1.505221
501.9613,1.502113
502.1137,1.481703
502.2661,1.521397
502.4185,1.527729
502.5709,1.565218
502.7233,1.578046
502.8757,1.535629
503.0281,1.504666
503.1805,1.436947
503.3329,1.349685
503.4853,1.261424
503.6377,1.259934
503.7901,1.219912
503.9425,1.221207
504.0949,1.248616
504.2473,1.286978
504.3997,1.305186
504.5521,1.362734
504.7045,1.390129
504.8569,1.436128
505.0093,1.458706
505.1617,1.452166
505.3141,1.395041
505.4665,1.347092
505.6189,1.268078
505.7713,1.276859
505.9237,1.278166
506.0761,1.33381
506.2285,1.38678
506.3809,1.415806
506.5333,1.41274
506.6857,1.422873
506.8381,1.405841
506.9905,1.424599
507.1429,1.462928
507.2953,1.511417
507.4477,1.522931
507.6001,1.520295
507.7525,1.507154
507.9049,1.490002
508.0573,1.46962
508.2097,1.488772
508.3621,1.483894
508.5145,1.495176
508.6669,1.507941
508.8193,1.514174
508.9717,1.520803
509.1241,1.542229
509.2765,1.582546
509.4289,1.595453
509.5813,1.62994
509.7337,1.644402
509.8861,1.665494
510.0385,1.646023
510.1909,1.601158
510.3433,1.523838
510.4957,1.425526
510.6481,1.343466
510.8005,1.267723
510.9529,1.267044
511.1053,1.301108
511.2577,1.373104
511.4101,1.416422
511.5625,1.484755
511.7149,1.542974
511.8673,1.556912
512.0197,1.540438
512.1721,1.521267
512.3245,1.492006
512.4769,1.457238
512.6293,1.442467
512.7817,1.504127
512.9341,1.585695
513.0865,1.649311
513.2389,1.695295
513.3913,1.732366
513.5437,1.759026
513.6961,1.777581
513.8485,1.796355
514.0009,1.774409
514.1533,1.760602
514.3057,1.764704
514.4581,1.75398
514.6105,1.766378
514.7629,1.765917
514.9153,1.774521
515.0677,1.800522
515.2201,1.831782
515.3725,1.820332
515.5249,1.836467
515.6773,1.843489
515.8297,1.86561
515.9821,1.879535
516.1345,1.877734
516.2869,1.880637
516.4393,1.889202
516.5917,1.891555
516.7441,1.873037
516.8965,1.869988
517.0489,1.872001
517.2013,1.877522
517.3537,1.871754
517.5061,1.87291
517.6585,1.854493
517.8109,1.851009
517.9633,1.852979
518.1157,1.847385
518.2681,1.850127
518.4205,1.854096
518.5729,1.857419
518.7253,1.852606
518.8777,1.851466
519.0301,1.852312
519.1825,1.84681
519.3349,1.838731
519.4873,1.841335
519.6397,1.848046
519.7921,1.856784
519.9445,1.855626
520.0969,1.853827
520.2493,1.834686
520.4017,1.826727
520.5541,1.824297
520.7065,1.811006
520.8589,1.804197
521.0113,1.8053
521.1637,1.799907
521.3161,1.777166
521.4685,1.728481
521.6209,1.666609
521.7733,1.616881
521.9257,1.564741
522.0781,1.543266
522.2305,1.522568
522.3829,1.522992
522.5353,1.533405
522.6877,1.557833
522.8401,1.576864
522.9925,1.623884
523.1449,1.668576
523.2973,1.713172
523.4497,1.758598
523.6021,1.783916
523.7545,1.800168
523.9069,1.816989
524.0593,1.813022
524.2117,1.807663
524.3641,1.81703
524.5165,1.831017
524.6689,1.839811
524.8213,1.837874
524.9737,1.831769
525.1261,1.867148
525.2785,1.881953
525.4309,1.887949
525.5833,1.875357
525.7357,1.859362
525.8881,1.840133
526.0405,1.818868
526.1929,1.781307
526.3453,1.776079
526.4977,1.757865
526.6501,1.76372
526.8025,1.768153
526.9549,1.780418
527.1073,1.773427
527.2597,1.769727
527.4121,1.765669
527.5645,1.771531
527.7169,1.778917
527.8693,1.783878
528.0217,1.807841
528.1741,1.8338
528.3265,1.868116
528.4789,1.866695
528.6313,1.85878
528.7837,1.842309
528.9361,1.848069
529.0885,1.845582
529.2409,1.848828
529.3933,1.839574
529.5457,1.846311
529.6981,1.845508
529.8505,1.840363
530.0029,1.841492
530.1553,1.857134
530.3077,1.848271
530.4601,1.850827
530.6125,1.837046
530.7649,1.840459
530.9173,1.818496
531.0697,1.765958
531.2221,1.728425
531.3745,1.727236
531.5269,1.702719
531.6793,1.665755
531.8317,1.624838
531.9841,1.597869
532.1365,1.544875
532.2889,1.50542
532.4413,1.451728
532.5937,1.409471
532.7461,1.36677
532.8985,1.314303
533.0509,1.266983
533.2033,1.273832
533.3557,1.255623
533.5081,1.280912
533.6605,1.343825
533.8129,1.413274
533.9653,1.493572
534.1177,1.608995
534.2701,1.689547
534.4225,1.784412
534.5749,1.83819
534.7273,1.860125
534.8797,1.882185
535.0321,1.886143
535.1845,1.881492
535.3369,1.902592
535.4893,1.904365
535.6417,1.90534
535.7941,1.888344
535.9465,1.888643
536.0989,1.878891
536.2513,1.876171
536.4037,1.871022
536.5561,1.861447
536.7085,1.826362
536.8609,1.812854
537.0133,1.829603
537.1657,1.834199
537.3181,1.861767
537.4705,1.895872
537.6229,1.926445
537.7753,1.937979
537.9277,1.930807
538.0801,1.881195
538.2325,1.858508
538.3849,1.830109
538.5373,1.810892
538.6897,1.79571
538.8421,1.795255
538.9945,1.792551
539.1469,1.82315
539.2993,1.837326
539.4517,1.855997
539.6041,1.867706
539.7565,1.89112
539.9089,1.885014
540.0613,1.889693
540.2137,1.899954
540.3661,1.899739
540.5185,1.891564
540.6709,1.877854
540.8233,1.878421
540.9757,1.872764
541.1281,1.852547
541.2805,1.831951
541.4329,1.83415
541.5853,1.829487
541.7377,1.839578
541.8901,1.847215
542.0425,1.848313
542.1949,1.840443
542.3473,1.825205
542.4997,1.803942
542.6521,1.788616
542.8045,1.755284
542.9569,1.749121
543.1093,1.742175
543.2617,1.76091
543.4141,1.781754
543.5665,1.796024
543.7189,1.814462
543.8713,1.835485
544.0237,1.825198
544.1761,1.82898
544.3285,1.811424
544.4809,1.784434
544.6333,1.757932
544.7857,1.730951
544.9381,1.69669
545.0905,1.737684
545.2429,1.747543
545.3953,1.78025
545.5477,1.795567
545.7001,1.830138
545.8525,1.836924
546.0049,1.847234
546.1573,1.83637
546.3097,1.843843
546.4621,1.843069
546.6145,1.8574
546.7669,1.86056
546.9193,1.864691
547.0717,1.863122
547.2241,1.837946
547.3765,1.808979
547.5289,1.767646
547.6813,1.729424
547.8337,1.716215
547.9861,1.707544
548.1385,1.726228
548.2909,1.773955
548.4433,1.809903
548.5957,1.81832
548.7481,1.801474
548.9005,1.744293
549.0529,1.649444
549.2053,1.521256
549.3577,1.400828
549.5101,1.339029
549.6625,1.376961
549.8149,1.489509
549.9673,1.586359
550.1197,1.649167
550.2721,1.701988
550.4245,1.750769
550.5769,1.744123
550.7293,1.711505
550.8817,1.660784
551.0341,1.591102
551.1865,1.514336
551.3389,1.560256
551.4913,1.558683
551.6437,1.569517
551.7961,1.613399
551.9485,1.655612
552.1009,1.633227
552.2533,1.565236
552.4057,1.487205
552.5581,1.395351
552.7105,1.323149
552.8629,1.313197
553.0153,1.345152
553.1677,1.365073
553.3201,1.439199
553.4725,1.53247
553.6249,1.59781
553.7773,1.668069
553.9297,1.734003
554.0821,1.721522
554.2345,1.684381
554.3869,1.606597
554.5393,1.647242
554.6917,1.673793
554.8441,1.71107
554.9965,1.751882
555.1489,1.835344
555.3013,1.857229
555.4537,1.901461
555.6061,1.910128
555.7585,1.916634
555.9109,1.918396
556.0633,1.906552
556.2157,1.894626
556.3681,1.881552
556.5205,1.839157
556.6729,1.802531
556.8253,1.769091
556.9777,1.755741
557.1301,1.733869
557.2825,1.705857
557.4349,1.70916
557.5873,1.716082
557.7397,1.682504
557.8921,1.680977
558.0445,1.661917
558.1969,1.670008
558.3493,1.710776
558.5017,1.750636
558.6541,1.799331
558.8065,1.869213
558.9589,1.892951
559.1113,1.906407
559.2637,1.907369
559.4161,1.878895
559.5685,1.887127
559.7209,1.877611
559.8733,1.86867
560.0257,1.855081
560.1781,1.865934
560.3305,1.869466
560.4829,1.883999
560.6353,1.880017
560.7877,1.884174
560.9401,1.868674
561.0925,1.881505
561.2449,1.882067
561.3973,1.875089
561.5497,1.882312
561.7021,1.87995
561.8545,1.878299
562.0069,1.878951
562.1593,1.870435
562.3117,1.879402
562.4641,1.884885
562.6165,1.88418
562.7689,1.890269
562.9213,1.888826
563.0737,1.879447
563.2261,1.872622
563.3785,1.871119
563.5309,1.870854
563.6833,1.873348
563.8357,1.870866
563.9881,1.855046
564.1405,1.836283
564.2929,1.814819
564.4453,1.760236
564.5977,1.725358
564.7501,1.673906
564.9025,1.652471
565.0549,1.659204
565.2073,1.691489
565.3597,1.712656
565.5121,1.762782
565.6645,1.81169
565.8169,1.844342
565.9693,1.832874
566.1217,1.789055
566.2741,1.750703
566.4265,1.763447
566.5789,1.75629
566.7313,1.755492
566.8837,1.776524
567.0361,1.817143
567.1885,1.831105
567.3409,1.850008
567.4933,1.844224
567.6457,1.831406
567.7981,1.804246
567.9505,1.777921
568.1029,1.754955
568.2553,1.742021
568.4077,1.730233
568.5601,1.757173
568.7125,1.797028
568.8649,1.836848
569.0173,1.86731
569.1697,1.876112
569.3221,1.873318
569.4745,1.871502
569.6269,1.870579
569.7793,1.878252
569.9317,1.866257
570.0841,1.86647
570.2365,1.862761
570.3889,1.85864
570.5413,1.843875
570.6937,1.837543
570.8461,1.822085
570.9985,1.795395
571.1509,1.777992
571.3033,1.762242
571.4557,1.772867
571.6081,1.780565
571.7605,1.813269
571.9129,1.831757
572.0653,1.864502
572.2177,1.876419
572.3701,1.902974
572.5225,1.911903
572.6749,1.92328
572.8273,1.922643
572.9797,1.918486
573.1321,1.89827
573.2845,1.890913
573.4369,1.889488
573.5893,1.897114
573.7417,1.892778
573.8941,1.889518
574.0465,1.888955
574.1989,1.892839
574.3513,1.885183
574.5037,1.882609
574.6561,1.870156
574.8085,1.869701
574.9609,1.868151
575.1133,1.868417
575.2657,1.877294
575.4181,1.894607
575.5705,1.883618
575.7229,1.870095
575.8753,1.871152
576.0277,1.863369
576.1801,1.863942
576.3325,1.862304
576.4849,1.862889
576.6373,1.869661
576.7897,1.884988
576.9421,1.896898
577.0945,1.905967
577.2469,1.895689
577.3993,1.890847
577.5517,1.886581
577.7041,1.876934
577.8565,1.882123
578.0089,1.877308
578.1613,1.869263
578.3137,1.867747
578.4661,1.863064
578.6185,1.864224
578.7709,1.864114
578.9233,1.857656
579.0757,1.850401
579.2281,1.856618
579.3805,1.85596
579.5329,1.852405
579.6853,1.850291
579.8377,1.848344
579.9901,1.840394
580.1425,1.843819
580.2949,1.840491
580.4473,1.845893
580.5997,1.863748
580.7521,1.870807
580.9045,1.879084
581.0569,1.883014
581.2093,1.880697
581.3617,1.879892
581.5141,1.889115
581.6665,1.8862
581.8189,1.866824
581.9713,1.848558
582.1237,1.846239
582.2761,1.841061
582.4285,1.839309
582.5809,1.853731
582.7333,1.849825
582.8857,1.85512
583.0381,1.858356
583.1905,1.838694
583.3429,1.817369
583.4953,1.783774
583.6477,1.72918
583.8001,1.715288
583.9525,1.708115
584.1049,1.688694
584.2573,1.695552
584.4097,1.741778
584.5621,1.766988
584.7145,1.774057
584.8669,1.791457
585.0193,1.818313
585.1717,1.82378
585.3241,1.823946
585.4765,1.811863
585.6289,1.79574
585.7813,1.755138
585.9337,1.698513
586.0861,1.666005
586.2385,1.658487
586.3909,1.668735
586.5433,1.718228
586.6957,1.7873
586.8481,1.851719
587.0005,1.899158
587.1529,1.912486
587.3053,1.897068
587.4577,1.887174
587.6101,1.858045
587.7625,1.841101
587.9149,1.834854
588.0673,1.856135
588.2197,1.88545
588.3721,1.937026
588.5245,1.944357
588.6769,1.972438
588.8293,1.962353
588.9817,1.954978
589.1341,1.958102
589.2865,1.970008
589.4389,1.965488
589.5913,1.958838
589.7437,1.939022
589.8961,1.954526
590.0485,1.939161
590.2009,1.875337
590.3533,1.825419
590.5057,1.772538
590.6581,1.74348
590.8105,1.748242
590.9629,1.766789
591.1153,1.803059
591.2677,1.858483
591.4201,1.887063
591.5725,1.887358
591.7249,1.888881
591.8773,1.894677
592.0297,1.886092
592.1821,1.882313
592.3345,1.874738
592.4869,1.868734
592.6393,1.882491
592.7917,1.883699
592.9441,1.89147
593.0965,1.908601
593.2489,1.914782
593.4013,1.907514
593.5537,1.911058
593.7061,1.893367
593.8585,1.897142
594.0109,1.883371
594.1633,1.863194
594.3157,1.855884
594.4681,1.864851
594.6205,1.853238
594.7729,1.860084
594.9253,1.867688
595.0777,1.851175
595.2301,1.799601
595.3825,1.752259
595.5349,1.69558
595.6873,1.65206
595.8397,1.631939
595.9921,1.643731
596.1445,1.646271
596.2969,1.68967
596.4493,1.720118
596.6017,1.758927
596.7541,1.75243
596.9065,1.695706
597.0589,1.601168
597.2113,1.572468
597.3637,1.549663
597.5161,1.545528
597.6685,1.549133
597.8209,1.611146
597.9733,1.614898
598.1257,1.60797
598.2781,1.637779
598.4305,1.698045
598.5829,1.697805
598.7353,1.668899
598.8877,1.653587
599.0401,1.651367
599.1925,1.67653
599.3449,1.727161
599.4973,1.767978
599.6497,1.777185
599.8021,1.772205
599.9545,1.726144
600.1069,1.671366
600.2593,1.574303
600.4117,1.512162
600.5641,1.493027
600.7165,1.499312
600.8689,1.512567
601.0213,1.565238
601.1737,1.597405
601.3261,1.637092
601.4785,1.655587
601.6309,1.660165
601.7833,1.695976
601.9357,1.726107
602.0881,1.774129
602.2405,1.837247
602.3929,1.875006
602.5453,1.898112
602.6977,1.926305
602.8501,1.911707
603.0025,1.90469
603.1549,1.8895
603.3073,1.876438
603.4597,1.871568
603.6121,1.877527
603.7645,1.875773
603.9169,1.88221
604.0693,1.870769
604.2217,1.871889
604.3741,1.883593
604.5265,1.887557
604.6789,1.909661
604.8313,1.918846
604.9837,1.923848
605.1361,1.932955
605.2885,1.939433
605.4409,1.934009
605.5933,1.928012
605.7457,1.904865
605.8981,1.878432
606.0505,1.877945
606.2029,1.882418
606.3553,1.88445
606.5077,1.900588
606.6601,1.914684
606.8125,1.921791
606.9649,1.939795
607.1173,1.944906
607.2697,1.937847
607.4221,1.932878
607.5745,1.92781
607.7269,1.938784
607.8793,1.933545
608.0317,1.919477
608.1841,1.90684
608.3365,1.90546
608.4889,1.908074
608.6413,1.905914
608.7937,1.890837
608.9461,1.899136
609.0985,1.904897
609.2509,1.902979
609.4033,1.903155
609.5557,1.91232
609.7081,1.905321
609.8605,1.919615
610.0129,1.92492
610.1653,1.928834
610.3177,1.922373
610.4701,1.905241
610.6225,1.904974
610.7749,1.900808
610.9273,1.885383
611.0797,1.883757
611.2321,1.877389
611.3845,1.876848
611.5369,1.898151
611.6893,1.887392
611.8417,1.901704
611.9941,1.914449
612.1465,1.919072
612.2989,1.903123
612.4513,1.899423
612.6037,1.889567
612.7561,1.882146
612.9085,1.876534
613.0609,1.856953
613.2133,1.865678
613.3657,1.856804
613.5181,1.840593
613.6705,1.854794
613.8229,1.875849
613.9753,1.894072
614.1277,1.935534
614.2801,1.950312
614.4325,1.964629
614.5849,1.984646
614.7373,1.976461
614.8897,1.978148
615.0421,1.953085
615.1945,1.927482
615.3469,1.913974
615.4993,1.900018
615.6517,1.897148
615.8041,1.921106
615.9565,1.940182
616.1089,1.957846
616.2613,1.965892
616.4137,1.978394
616.5661,1.984898
616.7185,1.987469
616.8709,1.970288
617.0233,1.968702
617.1757,1.967523
617.3281,1.972446
617.4805,1.973353
617.6329,1.969434
617.7853,1.963356
617.9377,1.974249
618.0901,1.960482
618.2425,1.949869
618.3949,1.947589
618.5473,1.920838
618.6997,1.892205
618.8521,1.890295
619.0045,1.869375
619.1569,1.869223
619.3093,1.882197
619.4617,1.900237
619.6141,1.926188
619.7665,1.945613
619.9189,1.948124
620.0713,1.965171
620.2237,1.95524
620.3761,1.948865
620.5285,1.941625
620.6809,1.929368
620.8333,1.929762
620.9857,1.929096
621.1381,1.937311
621.2905,1.958457
621.4429,1.96852
621.5953,1.97324
621.7477,1.966488
621.9001,1.961388
622.0525,1.963904
622.2049,1.958423
622.3573,1.94285
622.5097,1.936976
622.6621,1.937851
622.8145,1.936391
622.9669,1.917459
623.1193,1.922063
623.2717,1.91987
623.4241,1.927118
623.5765,1.943817
623.7289,1.94598
623.8813,1.95402
624.0337,1.980103
624.1861,1.986284
624.3385,1.989633
624.4909,1.977424
624.6433,1.974516
624.7957,1.9763
624.9481,1.982662
625.1005,1.980044
625.2529,1.965752
625.4053,1.965953
625.5577,1.958155
625.7101,1.949443
625.8625,1.935718
626.0149,1.936861
626.1673,1.938691
626.3197,1.948979
626.4721,1.952898
626.6245,1.974283
626.7769,1.974252
626.9293,1.977209
627.0817,1.984643
627.2341,1.984515
627.3865,1.987738
627.5389,1.99768
627.6913,1.981978
627.8437,1.97676
627.9961,1.96819
628.1485,1.963531
628.3009,1.962419
628.4533,1.964598
628.6057,1.951802
628.7581,1.945914
628.9105,1.938451
629.0629,1.934019
629.2153,1.932377
629.3677,1.929997
629.5201,1.933415
629.6725,1.935392
629.8249,1.936679
629.9773,1.936616
630.1297,1.938025
630.2821,1.942765
630.4345,1.944534
630.5869,1.949428
630.7393,1.951592
630.8917,1.95486
631.0441,1.950059
631.1965,-999.25
631.3489,-999.25
631.5013,-999.25
631.6537,-999.25
631.8061,-999.25
631.9585,-999.25
632.1109,-999.25
632.2633,-999.25
632.4157,-999.25
632.5681,-999.25
632.7205,-999.25
632.8729,-999.25
633.0253,-999.25
633.1777,-999.25
633.3301,-999.25
633.4825,-999.25
633.6349,-999.25
633.7873,-999.25
633.9397,-999.25
634.0921,-999.25
634.2445,-999.25
634.3969,-999.25
634.5493,-999.25
634.7017,-999.25
634.8541,-999.25
635.0065,-999.25
635.1589,-999.25
635.3113,-999.25
635.4637,-999.25
635.6161,-999.25
635.7685,-999.25
635.9209,-999.25
636.0733,-999.25
636.2257,-999.25
636.3781,-999.25
636.5305,-999.25
636.6829,-999.25
636.8353,-999.25
636.9877,-999.25
637.1401,1.62096
637.2925,1.580971
637.4449,1.557898
637.5973,1.581052
637.7497,1.68934
637.9021,1.672518
638.0545,1.679538
638.2069,1.746597
638.3593,1.819278
638.5117,1.851156
638.6641,1.83723
638.8165,1.829803
638.9689,1.820135
639.1213,1.821069
639.2737,1.840058
639.4261,1.850083
639.5785,1.84488
639.7309,1.863876
639.8833,1.885678
640.0357,1.894555
640.1881,1.898611
640.3405,1.903569
640.4929,1.909719
640.6453,1.929851
640.7977,1.933768
640.9501,1.939612
641.1025,1.93962
641.2549,1.919134
641.4073,1.883758
641.5597,1.850884
641.7121,1.820338
641.8645,1.819604
642.0169,1.806577
642.1693,1.787923
642.3217,1.78959
642.4741,1.815053
642.6265,1.82281
642.7789,1.825865
642.9313,1.821294
643.0837,1.830148
643.2361,1.821422
643.3885,1.812257
643.5409,1.775723
643.6933,1.777287
643.8457,1.805636
643.9981,1.836195
644.1505,1.835935
644.3029,1.865559
644.4553,1.875314
644.6077,1.865481
644.7601,1.860851
644.9125,1.876037
645.0649,1.854406
645.2173,1.853016
645.3697,1.852165
645.5221,1.85822
645.6745,1.856026
645.8269,1.861293
645.9793,1.847535
646.1317,1.861582
646.2841,1.863896
646.4365,1.871051
646.5889,1.882089
646.7413,1.884287
646.8938,1.885075
647.0462,1.88794
647.1986,1.884427
647.3510,1.879541
647.5034,1.87693
647.6558,1.870368
647.8082,1.86666
647.9606,1.867147
648.1130,1.860062
648.2654,1.869519
648.4178,1.864132
648.5702,1.879355
648.7226,1.899915
648.8750,1.924187
649.0274,1.937078
649.1798,1.9643
649.3322,1.971666
649.4846,1.960671
649.6370,1.920195
649.7894,1.886591
649.9418,1.840246
650.0942,1.797098
650.2466,1.771666
650.3990,1.751935
650.5514,1.760201
650.7038,1.766792
650.8562,1.748732
651.0086,1.740977
651.1610,1.715573
651.3134,1.720037
651.4658,1.735117
651.6182,1.734623
651.7706,1.743971
651.9230,1.785397
652.0754,1.776287
652.2278,1.763461
652.3802,1.712965
652.5326,1.651716
652.6850,1.664216
652.8374,1.664642
652.9898,1.670022
653.1422,1.716997
653.2946,1.778107
653.4470,1.795567
653.5994,1.793018
653.7518,1.784917
653.9042,1.786158
654.0566,1.791074
654.2090,1.807074
654.3614,1.807508
654.5138,1.821435
654.6662,1.847633
654.8186,1.842089
654.9710,1.827736
655.1234,1.824831
655.2758,1.823807
655.4282,1.840523
655.5806,1.842591
655.7330,1.846104
655.8854,1.847868
656.0378,1.865111
656.1902,1.886091
656.3426,1.903533
656.4950,1.924857
656.6474,1.94371
656.7998,1.961
656.9522,1.967356
657.1046,1.952976
657.2570,1.943816
657.4094,1.961751
657.5618,1.957675
657.7142,1.969341
657.8666,1.988524
658.0190,1.984779
658.1714,1.95618
658.3238,1.94232
658.4762,1.924468
658.6286,1.90522
658.7810,1.899055
658.9334,1.902874
659.0858,1.874628
659.2382,1.87573
659.3906,1.86701
659.5430,1.873302
659.6954,1.857843
659.8478,-999.25
660.0002,-999.25
660.1526,-999.25
660.3050,-999.25
660.4574,-999.25
660.6098,-999.25
660.7622,-999.25
660.9146,-999.25
661.0670,-999.25
661.2194,-999.25
661.3718,-999.25
661.5242,-999.25
661.6766,-999.25
661.8290,-999.25
661.9814,-999.25
662.1338,-999.25
662.2862,-999.25
662.4386,-999.25
662.5910,-999.25
662.7434,-999.25
662.8958,-999.25
663.0482,-999.25
663.2006,-999.25
663.3530,-999.25
663.5054,-999.25
663.6578,-999.25
663.8102,-999.25
663.9626,-999.25
664.1150,-999.25
664.2674,-999.25
664.4198,-999.25
664.5722,-999.25
664.7246,-999.25
664.8770,-999.25
665.0294,-999.25
665.1818,-999.25
665.3342,-999.25
665.4866,-999.25
665.6390,-999.25
665.7914,-999.25
665.9438,-999.25
666.0962,-999.25
666.2486,1.790809
666.4010,1.77058
666.5534,1.781036
666.7058,1.794973
666.8582,1.817798
667.0106,1.84292
667.1630,1.88614
667.3154,1.942055
667.4678,1.997464
667.6202,2.045513
667.7726,2.084262
667.9250,2.098041
668.0774,2.108222
668.2298,2.090229
668.3822,2.066671
668.5346,2.056545
668.6870,2.048532
668.8394,2.042764
668.9918,2.045511
669.1442,2.073198
669.2966,2.099119
669.4490,2.108974
669.6014,2.119433
669.7538,2.129846
669.9062,2.129192
670.0586,2.125228
670.2110,2.122602
670.3634,2.119227
670.5158,2.114805
670.6682,2.113401
670.8206,2.094211
670.9730,2.047843
671.1254,1.997347
671.2778,1.96535
671.4302,1.94201
671.5826,1.910498
671.7350,1.891039
671.8874,1.86659
672.0398,1.833964
672.1922,1.816554
672.3446,1.799727
672.4970,1.799307
672.6494,1.81447
672.8018,1.843175
672.9542,1.879733
673.1066,1.908859
673.2590,1.915993
673.4114,1.915966
673.5638,1.912228
673.7162,1.907005
673.8686,1.901653
674.0210,1.872141
674.1734,1.861743
674.3258,1.880201
674.4782,1.887209
674.6306,1.899284
674.7830,1.897521
674.9354,1.893903
675.0878,1.903799
675.2402,1.897191
675.3926,1.87175
675.5450,1.855063
675.6974,1.820649
675.8498,1.803434
676.0022,1.769319
676.1546,1.734123
676.3070,1.700422
676.4594,1.70729
676.6118,1.739139
676.7642,1.780961
676.9166,1.808802
677.0690,1.834641
677.2214,1.854836
677.3738,1.860053
677.5262,1.867174
677.6786,1.863228
677.8310,1.859375
677.9834,1.854171
678.1358,1.871359
678.2882,1.872211
678.4406,1.878763
678.5930,1.8742
678.7454,1.868439
678.8978,1.866743
679.0502,1.874464
679.2026,1.872798
679.3550,1.88597
679.5074,1.898581
679.6598,1.913294
679.8122,1.920939
679.9646,1.925377
680.1170,1.929233
680.2694,1.933377
680.4218,1.939431
680.5742,1.929992
680.7266,1.926853
680.8790,1.933197
681.0314,1.938767
681.1838,1.932699
681.3362,1.910384
681.4886,1.878706
681.6410,1.820298
681.7934,1.745682
681.9458,1.683438
682.0982,1.608559
682.2506,1.530391
682.4030,1.455975
682.5554,1.446809
682.7078,1.495398
682.8602,1.543139
683.0126,1.552597
683.1650,1.620573
683.3174,1.667499
683.4698,1.723609
683.6222,1.739075
683.7746,1.736854
683.9270,1.701939
684.0794,1.663068
684.2318,1.654342
684.3842,1.639796
684.5366,1.623025
684.6890,1.642187
684.8414,1.647697
684.9938,1.676809
685.1462,1.729902
685.2986,1.747551
685.4510,1.806675
685.6034,1.837962
685.7558,1.864007
685.9082,1.868092
686.0606,1.873158
686.2130,1.868443
686.3654,1.889116
686.5178,1.926813
686.6702,1.979263
686.8226,1.998135
686.9750,2.01348
687.1274,2.004872
687.2798,1.997791
687.4322,1.977456
687.5846,1.970983
687.7370,1.975772
687.8894,2.016034
688.0418,2.054675
688.1942,2.08524
688.3466,2.114367
688.4990,2.128556
688.6514,2.132706
688.8038,2.14025
688.9562,2.132389
689.1086,2.123057
689.2610,2.109172
689.4134,2.074152
689.5658,2.054333
689.7182,2.025132
689.8706,1.981339
690.0230,1.951917
690.1754,1.93501
690.3278,1.927745
690.4802,1.926841
690.6326,1.958285
690.7850,2.026975
690.9374,2.099828
691.0898,2.140375
691.2422,2.164775
691.3946,2.149505
691.5470,2.059145
691.6994,1.930584
691.8518,1.786951
692.0042,1.618319
692.1566,1.475456
692.3090,1.408629
692.4614,1.3848
692.6138,1.420047
692.7662,1.466334
692.9186,1.490868
693.0710,1.538238
693.2234,1.559305
693.3758,1.565346
693.5282,1.589277
693.6806,1.628637
693.8330,1.68983
693.9854,1.7833
694.1378,1.896883
694.2902,1.984475
694.4426,2.042154
694.5950,2.072366
694.7474,2.084254
694.8998,2.087863
695.0522,2.092324
695.2046,2.1041
695.3570,2.117361
695.5094,2.128317
695.6618,2.144377
695.8142,2.148922
695.9666,2.13272
696.1190,2.126993
696.2714,2.111069
696.4238,2.098053
696.5762,2.106691
696.7286,2.116491
696.8810,2.14064
697.0334,2.174249
697.1858,2.183123
697.3382,2.183715
697.4906,2.180058
697.6430,2.167842
697.7954,2.167167
697.9478,2.166698
698.1002,2.14149
698.2526,2.119302
698.4050,2.106971
698.5574,2.094975
698.7098,2.085819
698.8622,2.087374
699.0146,2.093163
699.1670,2.089262
699.3194,2.091628
699.4718,2.100054
699.6242,2.119909
699.7766,2.135824
699.9290,2.154209
700.0814,2.17285
700.2338,2.186614
700.3862,2.18986
700.5386,2.201194
700.6910,2.176564
700.8434,2.133226
700.9958,2.116251
701.1482,2.106137
701.3006,2.083847
701.4530,2.073545
701.6054,2.032471
701.7578,1.979959
701.9102,1.937485
702.0626,1.928334
702.2150,1.946006
702.3674,1.99799
702.5198,2.068662
702.6722,2.133543
702.8246,2.149139
702.9770,2.108165
703.1294,2.012356
703.2818,1.917632
703.4342,1.823092
703.5866,1.734368
703.7390,1.676331
703.8914,1.661939
704.0438,1.673545
704.1962,1.734591
704.3486,1.805962
704.5010,1.895016
704.6534,1.989468
704.8058,2.068088
704.9582,2.120564
705.1106,2.146724
705.2630,2.162095
705.4154,2.177874
705.5678,2.185297
705.7202,2.182909
705.8726,2.177848
706.0250,2.171825
706.1774,2.170274
706.3298,2.166546
706.4822,2.167317
706.6346,2.175658
706.7870,2.18658
706.9394,2.186372
707.0918,2.183747
707.2442,2.180788
707.3966,2.171048
707.5490,2.161906
707.7014,2.164562
707.8538,2.150974
708.0062,2.144766
708.1586,2.143287
708.3110,2.137099
708.4634,2.138428
708.6158,2.136659
708.7682,2.122304
708.9206,2.135174
709.0730,2.140594
709.2254,2.134486
709.3778,2.148976
709.5302,2.159979
709.6826,2.168405
709.8350,2.180927
709.9874,2.181829
710.1398,2.185678
710.2922,2.19815
710.4446,2.204272
710.5970,2.205926
710.7494,2.202927
710.9018,2.193362
711.0542,2.192771
711.2066,2.182934
711.3590,2.165382
711.5114,2.153598
711.6638,2.15097
711.8162,2.147632
711.9686,2.145688
712.1210,2.1431
712.2734,2.146695
712.4258,2.152406
712.5782,2.155207
712.7306,2.16108
712.8830,2.164308
713.0354,2.167724
713.1878,2.17083
713.3402,2.163964
713.4926,2.14421
713.6450,2.140689
713.7974,2.138204
713.9498,2.13722
714.1022,2.140385
714.2546,2.137159
714.4070,2.139009
714.5594,2.145712
714.7118,2.137858
714.8642,2.141588
715.0166,2.148933
715.1690,2.158717
715.3214,2.157684
715.4738,2.16677
715.6262,2.169612
715.7786,2.172806
715.9310,2.163775
716.0834,2.161571
716.2358,2.153889
716.3882,2.154907
716.5406,2.147888
716.6930,2.154117
716.8454,2.159634
716.9978,2.17056
717.1502,2.178679
717.3026,2.178606
717.4550,2.174666
717.6074,2.175627
717.7598,2.170573
717.9122,2.173174
718.0646,2.161913
718.2170,2.172941
718.3694,2.183174
718.5218,2.186978
718.6742,2.183931
718.8266,2.184122
718.9790,2.187048
719.1314,2.187869
719.2838,2.182325
719.4362,2.18521
719.5886,2.184587
719.7410,2.182035
719.8934,2.172415
720.0458,2.159813
720.1982,2.161497
720.3506,2.163192
720.5030,2.163855
720.6554,2.172951
720.8078,2.177964
720.9602,2.17525
721.1126,2.178259
721.2650,2.164223
721.4174,2.159844
721.5698,2.150789
721.7222,2.150649
721.8746,2.144663
722.0270,2.12721
722.1794,2.125865
722.3318,2.136829
722.4842,2.131409
722.6366,2.137012
722.7890,2.138918
722.9414,2.117193
723.0938,2.09325
723.2462,2.093229
723.3986,2.094865
723.5510,2.102303
723.7034,2.111601
723.8558,2.133394
724.0082,2.15022
724.1606,2.16301
724.3130,2.16548
724.4654,2.173587
724.6178,2.172701
724.7702,2.164959
724.9226,2.157615
725.0750,2.14433
725.2274,2.123763
725.3798,2.118056
725.5322,2.123908
725.6846,2.115314
725.8370,2.088128
725.9894,2.058036
726.1418,2.065191
726.2942,2.067066
726.4466,2.075
726.5990,2.103143
726.7514,2.136069
726.9038,2.148569
727.0562,2.151523
727.2086,2.153156
727.3610,2.160535
727.5134,2.152222
727.6658,2.14382
727.8182,2.144157
727.9706,2.143923
728.1230,2.148274
728.2754,2.156356
728.4278,2.165902
728.5802,2.164941
728.7326,2.162875
728.8850,2.168771
729.0374,2.167328
729.1898,2.162233
729.3422,2.158427
729.4946,2.154196
729.6470,2.144068
729.7994,2.129761
729.9518,2.11047
730.1042,2.107554
730.2566,2.101271
730.4090,2.091877
730.5614,2.086789
730.7138,2.095913
730.8662,2.105388
731.0186,2.109844
731.1710,2.101344
731.3234,2.105916
731.4758,2.097563
731.6282,2.08465
731.7806,2.087739
731.9330,2.087958
732.0854,2.081954
732.2378,2.092341
732.3902,2.092179
732.5426,2.072996
732.6950,2.056554
732.8474,2.060014
732.9998,2.031175
733.1522,2.016499
733.3046,2.036412
733.4570,2.051788
733.6094,2.052021
733.7618,2.066604
733.9142,2.072238
734.0666,2.091703
734.2190,2.115278
734.3714,2.126116
734.5238,2.142769
734.6762,2.150598
734.8286,2.157267
734.9810,2.158498
735.1334,2.147934
735.2858,2.128835
735.4382,2.12515
735.5906,2.124362
735.7430,2.128992
735.8954,2.121224
736.0478,2.124047
736.2002,2.130374
736.3526,2.126696
736.5050,2.108886
736.6574,2.117809
736.8098,2.106591
736.9622,2.085517
737.1146,2.080697
737.2670,2.098597
737.4194,2.123222
737.5718,2.15144
737.7242,2.18255
737.8766,2.194104
738.0290,2.195776
738.1814,2.181443
738.3338,2.177108
738.4862,2.169176
738.6386,2.16423
738.7910,2.165058
738.9434,2.167305
739.0958,2.162923
739.2482,2.156653
739.4006,2.14497
739.5530,2.136793
739.7054,2.130555
739.8578,2.125334
740.0102,2.140844
740.1626,2.142215
740.3150,2.148578
740.4674,2.142406
740.6198,2.14537
740.7722,2.150397
740.9246,2.158677
741.0770,2.153628
741.2294,2.166803
741.3818,2.183955
741.5342,2.186831
741.6866,2.189354
741.8390,2.181394
741.9914,2.183642
742.1438,2.191534
742.2962,2.187924
742.4486,2.183926
742.6010,2.190563
742.7534,2.187379
742.9058,2.184131
743.0582,2.177904
743.2106,2.180435
743.3630,2.186629
743.5154,2.184419
743.6678,2.18842
743.8202,2.191087
743.9726,2.189259
744.1250,2.190403
744.2774,2.188479
744.4298,2.184219
744.5822,2.188922
744.7346,2.180994
744.8870,2.171004
745.0394,2.167486
745.1918,2.161005
745.3442,2.161058
745.4966,2.168879
745.6490,2.164408
745.8014,2.15459
745.9538,2.125373
746.1062,2.097653
746.2586,2.091698
746.4110,2.076199
746.5634,2.086214
746.7158,2.112476
746.8682,2.138345
747.0206,2.152419
747.1730,2.153664
747.3254,2.159327
747.4778,2.157132
747.6302,2.158977
747.7826,2.166853
747.9350,2.167799
748.0874,2.181036
748.2398,2.202192
748.3922,2.210782
748.5446,2.216309
748.6970,2.23439
748.8494,2.240608

