#HOLE:,U1517A
#EXPEDITION:,372
#TOP:,0.0332
#BOTTOM:,196.3244
DEPTH_LSF,DTCO,DTSM,VCO,VSH
m,us/ft,us/ft,km/s,km/s
0.0332,206.89297,-999.25.00000,1.4732,-999.25
0.1856,207.35735,-999.25.00000,1.4699,-999.25
0.3380,208.08044,-999.25.00000,1.4648,-999.25
0.4904,208.31265,-999.25.00000,1.4632,-999.25
0.6428,208.32063,-999.25.00000,1.4631,-999.25
0.7952,208.31268,-999.25.00000,1.4632,-999.25
0.9476,208.08035,-999.25.00000,1.4648,-999.25
1.1000,207.35730,-999.25.00000,1.4699,-999.25
1.2524,206.89290,-999.25.00000,1.4732,-999.25
1.4048,206.16187,-999.25.00000,1.4784,-999.25
1.5572,205.68951,-999.25.00000,1.4818,-999.25
1.7096,204.71832,-999.25.00000,1.4889,-999.25
1.8620,203.28275,-999.25.00000,1.4994,-999.25
2.0144,200.89984,-999.25.00000,1.5172,-999.25
2.1668,197.80974,-999.25.00000,1.5409,-999.25
2.3192,195.43474,-999.25.00000,1.5596,-999.25
2.4716,194.23921,-999.25.00000,1.5692,-999.25
2.6240,194.23111,-999.25.00000,1.5693,-999.25
2.7764,195.17038,-999.25.00000,1.5617,-999.25
2.9288,196.10999,-999.25.00000,1.5542,-999.25
3.0812,196.11781,-999.25.00000,1.5542,-999.25
3.2336,195.40268,-999.25.00000,1.5599,-999.25
3.3860,194.93831,-999.25.00000,1.5636,-999.25
3.5384,194.21521,-999.25.00000,1.5694,-999.25
3.6908,193.99098,-999.25.00000,1.5712,-999.25
3.8432,194.21521,-999.25.00000,1.5694,-999.25
3.9956,194.92244,-999.25.00000,1.5637,-999.25
4.1480,194.92247,-999.25.00000,1.5637,-999.25
4.3004,194.22324,-999.25.00000,1.5693,-999.25
4.4528,194.22316,-999.25.00000,1.5693,-999.25
4.6052,194.93030,-999.25.00000,1.5636,-999.25
4.7576,195.16254,-999.25.00000,1.5618,-999.25
4.9100,195.16255,-999.25.00000,1.5618,-999.25
5.0624,194.92232,-999.25.00000,1.5637,-999.25
5.2148,193.97498,-999.25.00000,1.5713,-999.25
5.3672,193.01970,-999.25.00000,1.5791,-999.25
5.5196,192.54739,-999.25.00000,1.5830,-999.25
5.6720,191.82428,-999.25.00000,1.5890,-999.25
5.8244,191.58415,-999.25.00000,1.5909,-999.25
5.9768,191.34404,-999.25.00000,1.5929,-999.25
6.1292,190.62094,-999.25.00000,1.5990,-999.25
6.2816,190.15654,-999.25.00000,1.6029,-999.25
6.4340,189.44139,-999.25.00000,1.6089,-999.25
6.5864,189.44925,-999.25.00000,1.6089,-999.25
6.7388,190.39687,-999.25.00000,1.6009,-999.25
6.8912,191.56839,-999.25.00000,1.5911,-999.25
7.0436,192.28337,-999.25.00000,1.5852,-999.25
7.1960,191.57610,-999.25.00000,1.5910,-999.25
7.3484,190.63676,-999.25.00000,1.5989,-999.25
7.5008,190.39664,-999.25.00000,1.6009,-999.25
7.6532,190.38870,-999.25.00000,1.6009,-999.25
7.8056,190.38870,-999.25.00000,1.6009,-999.25
7.9580,190.38870,-999.25.00000,1.6009,-999.25
8.1104,190.38075,-999.25.00000,1.6010,-999.25
8.2628,190.14064,-999.25.00000,1.6030,-999.25
8.4152,189.18542,-999.25.00000,1.6111,-999.25
8.5676,188.01387,-999.25.00000,1.6212,-999.25
8.7200,187.32257,-999.25.00000,1.6271,-999.25
8.8724,188.72661,-999.25.00000,1.6150,-999.25
9.0248,191.80328,-999.25.00000,1.5891,-999.25
9.1772,192.49968,-999.25.00000,1.5834,-999.25
9.3296,191.57613,-999.25.00000,1.5910,-999.25
9.4820,190.40456,-999.25.00000,1.6008,-999.25
9.6344,189.68938,-999.25.00000,1.6068,-999.25
9.7868,190.41252,-999.25.00000,1.6007,-999.25
9.9392,191.83217,-999.25.00000,1.5889,-999.25
10.0916,193.95898,-999.25.00000,1.5715,-999.25
10.2440,195.60567,-999.25.00000,1.5582,-999.25
10.3964,194.65866,-999.25.00000,1.5658,-999.25
10.5488,191.82481,-999.25.00000,1.5889,-999.25
10.7012,189.45699,-999.25.00000,1.6088,-999.25
10.8536,188.26172,-999.25.00000,1.6190,-999.25
11.0060,188.25392,-999.25.00000,1.6191,-999.25
11.1584,189.20126,-999.25.00000,1.6110,-999.25
11.3108,190.38876,-999.25.00000,1.6009,-999.25
11.4632,191.57625,-999.25.00000,1.5910,-999.25
11.6156,192.53949,-999.25.00000,1.5831,-999.25
11.7680,193.00386,-999.25.00000,1.5792,-999.25
11.9204,193.48601,-999.25.00000,1.5753,-999.25
12.0728,192.73146,-999.25.00000,1.5815,-999.25
12.2252,191.28496,-999.25.00000,1.5934,-999.25
12.3776,189.90535,-999.25.00000,1.6050,-999.25
12.5300,190.40364,-999.25.00000,1.6008,-999.25
12.6824,191.35210,-999.25.00000,1.5929,-999.25
12.8348,192.07263,-999.25.00000,1.5869,-999.25
12.9872,193.96732,-999.25.00000,1.5714,-999.25
13.1396,195.62968,-999.25.00000,1.5580,-999.25
13.2920,195.37888,-999.25.00000,1.5600,-999.25
13.4444,194.69025,-999.25.00000,1.5656,-999.25
13.5968,193.01183,-999.25.00000,1.5792,-999.25
13.7492,191.59216,-999.25.00000,1.5909,-999.25
13.9016,190.38878,-999.25.00000,1.6009,-999.25
14.0540,189.20128,-999.25.00000,1.6110,-999.25
14.2064,188.23804,-999.25.00000,1.6192,-999.25
14.3588,187.76566,-999.25.00000,1.6233,-999.25
14.5112,187.05052,-999.25.00000,1.6295,-999.25
14.6636,187.05847,-999.25.00000,1.6294,-999.25
14.8160,187.99791,-999.25.00000,1.6213,-999.25
14.9684,188.96109,-999.25.00000,1.6130,-999.25
15.1208,189.66565,-999.25.00000,1.6070,-999.25
15.2732,191.09596,-999.25.00000,1.5950,-999.25
15.4256,191.31221,-999.25.00000,1.5932,-999.25
15.5780,190.14062,-999.25.00000,1.6030,-999.25
15.7304,188.23799,-999.25.00000,1.6192,-999.25
15.8828,186.81831,-999.25.00000,1.6315,-999.25
16.0352,185.86298,-999.25.00000,1.6399,-999.25
16.1876,185.86287,-999.25.00000,1.6399,-999.25
16.3400,186.81007,-999.25.00000,1.6316,-999.25
16.4924,187.98999,-999.25.00000,1.6214,-999.25
16.6448,188.93718,-999.25.00000,1.6132,-999.25
16.7972,188.93709,-999.25.00000,1.6132,-999.25
16.9496,187.98970,-999.25.00000,1.6214,-999.25
17.1020,186.81018,-999.25.00000,1.6316,-999.25
17.2544,185.85490,-999.25.00000,1.6400,-999.25
17.4068,185.60684,-999.25.00000,1.6422,-999.25
17.5592,185.36671,-999.25.00000,1.6443,-999.25
17.7116,184.65155,-999.25.00000,1.6507,-999.25
17.8640,184.42729,-999.25.00000,1.6527,-999.25
18.0164,184.65149,-999.25.00000,1.6507,-999.25
18.1688,185.38249,-999.25.00000,1.6442,-999.25
18.3212,186.07906,-999.25.00000,1.6380,-999.25
18.4736,187.52559,-999.25.00000,1.6254,-999.25
18.6260,188.23012,-999.25.00000,1.6193,-999.25
18.7784,189.19334,-999.25.00000,1.6111,-999.25
18.9308,190.14062,-999.25.00000,1.6030,-999.25
19.0832,190.36482,-999.25.00000,1.6011,-999.25
19.2356,189.90045,-999.25.00000,1.6051,-999.25
19.3880,188.23792,-999.25.00000,1.6192,-999.25
19.5404,187.04248,-999.25.00000,1.6296,-999.25
19.6928,186.33002,-999.25.00000,1.6358,-999.25
19.8452,184.88850,-999.25.00000,1.6486,-999.25
19.9976,184.33151,-999.25.00000,1.6535,-999.25
20.1500,184.10829,-999.25.00000,1.6555,-999.25
20.3024,184.06749,-999.25.00000,1.6559,-999.25
20.4548,183.22844,-999.25.00000,1.6635,-999.25
20.6072,182.74896,-999.25.00000,1.6679,-999.25
20.7596,183.93909,-999.25.00000,1.6571,-999.25
20.9120,184.38754,-999.25.00000,1.6530,-999.25
21.0644,184.15529,-999.25.00000,1.6551,-999.25
21.2168,182.97575,-999.25.00000,1.6658,-999.25
21.3692,181.31322,-999.25.00000,1.6811,-999.25
21.5216,180.84885,-999.25.00000,1.6854,-999.25
21.6740,181.08099,-999.25.00000,1.6832,-999.25
21.8264,182.26045,-999.25.00000,1.6723,-999.25
21.9788,183.93089,-999.25.00000,1.6571,-999.25
22.1312,184.64345,-999.25.00000,1.6507,-999.25
22.2836,185.62254,-999.25.00000,1.6420,-999.25
22.4360,187.05074,-999.25.00000,1.6295,-999.25
22.5884,189.19353,-999.25.00000,1.6110,-999.25
22.7408,191.31233,-999.25.00000,1.5932,-999.25
22.8932,192.03528,-999.25.00000,1.5872,-999.25
23.0456,190.61287,-999.25.00000,1.5991,-999.25
23.1980,189.20911,-999.25.00000,1.6109,-999.25
23.3504,188.25380,-999.25.00000,1.6191,-999.25
23.5028,188.29352,-999.25.00000,1.6187,-999.25
23.6552,190.43346,-999.25.00000,1.6006,-999.25
23.8076,196.11789,-999.25.00000,1.5542,-999.25
23.9600,201.09406,-999.25.00000,1.5157,-999.25
24.1124,201.80493,-999.25.00000,1.5104,-999.25
24.2648,199.67142,-999.25.00000,1.5265,-999.25
24.4172,197.13206,-999.25.00000,1.5462,-999.25
24.5696,195.29376,-999.25.00000,1.5607,-999.25
24.7220,194.02174,-999.25.00000,1.5710,-999.25
24.8744,192.91959,-999.25.00000,1.5799,-999.25
25.0268,193.29019,-999.25.00000,1.5769,-999.25
25.1792,194.20288,-999.25.00000,1.5695,-999.25
25.3316,195.19917,-999.25.00000,1.5615,-999.25
25.4840,195.87915,-999.25.00000,1.5561,-999.25
25.6364,195.41072,-999.25.00000,1.5598,-999.25
25.7888,195.43451,-999.25.00000,1.5596,-999.25
25.9412,196.61389,-999.25.00000,1.5502,-999.25
26.0936,198.50055,-999.25.00000,1.5355,-999.25
26.2460,199.44815,-999.25.00000,1.5282,-999.25
26.3984,198.74086,-999.25.00000,1.5337,-999.25
26.5508,197.56131,-999.25.00000,1.5428,-999.25
26.7032,196.34996,-999.25.00000,1.5523,-999.25
26.8556,194.68217,-999.25.00000,1.5656,-999.25
27.0080,191.84013,-999.25.00000,1.5888,-999.25
27.1604,189.94540,-999.25.00000,1.6047,-999.25
27.3128,190.41251,-999.25.00000,1.6007,-999.25
27.4652,191.57614,-999.25.00000,1.5910,-999.25
27.6176,192.50761,-999.25.00000,1.5833,-999.25
27.7700,192.01161,-999.25.00000,1.5874,-999.25
27.9224,188.72142,-999.25.00000,1.6151,-999.25
28.0748,184.68927,-999.25.00000,1.6503,-999.25
28.2272,184.43530,-999.25.00000,1.6526,-999.25
28.3796,184.87033,-999.25.00000,1.6487,-999.25
28.5320,183.45290,-999.25.00000,1.6615,-999.25
28.6844,182.44781,-999.25.00000,1.6706,-999.25
28.8368,183.34007,-999.25.00000,1.6625,-999.25
28.9892,186.23778,-999.25.00000,1.6366,-999.25
29.1416,189.12288,-999.25.00000,1.6117,-999.25
29.2940,189.97487,-999.25.00000,1.6044,-999.25
29.4464,188.94077,-999.25.00000,1.6132,-999.25
29.5988,187.02675,-999.25.00000,1.6297,-999.25
29.7512,185.12683,-999.25.00000,1.6464,-999.25
29.9036,182.26900,-999.25.00000,1.6723,-999.25
30.0560,180.15788,-999.25.00000,1.6918,-999.25
30.2084,180.38216,-999.25.00000,1.6897,-999.25
30.3608,183.00800,-999.25.00000,1.6655,-999.25
30.5132,186.07957,-999.25.00000,1.6380,-999.25
30.6656,189.87769,-999.25.00000,1.6052,-999.25
30.8180,191.80203,-999.25.00000,1.5891,-999.25
30.9704,190.61052,-999.25.00000,1.5991,-999.25
31.1228,189.61969,-999.25.00000,1.6074,-999.25
31.2752,190.71420,-999.25.00000,1.5982,-999.25
31.4276,190.63791,-999.25.00000,1.5988,-999.25
31.5800,189.70146,-999.25.00000,1.6067,-999.25
31.7324,187.50803,-999.25.00000,1.6255,-999.25
31.8848,186.31430,-999.25.00000,1.6359,-999.25
32.0372,183.92247,-999.25.00000,1.6572,-999.25
32.1896,180.36554,-999.25.00000,1.6899,-999.25
32.3420,178.71393,-999.25.00000,1.7055,-999.25
32.4944,178.70612,-999.25.00000,1.7056,-999.25
32.6468,180.11790,-999.25.00000,1.6922,-999.25
32.7992,182.72775,-999.25.00000,1.6681,-999.25
32.9516,184.15536,-999.25.00000,1.6551,-999.25
33.1040,184.65944,-999.25.00000,1.6506,-999.25
33.2564,185.85486,-999.25.00000,1.6400,-999.25
33.4088,187.73364,-999.25.00000,1.6236,-999.25
33.5612,188.43303,-999.25.00000,1.6176,-999.25
33.7136,186.55453,-999.25.00000,1.6338,-999.25
33.8660,183.96063,-999.25.00000,1.6569,-999.25
34.0184,183.48799,-999.25.00000,1.6611,-999.25
34.1708,184.42747,-999.25.00000,1.6527,-999.25
34.3232,185.83923,-999.25.00000,1.6401,-999.25
34.4756,187.50162,-999.25.00000,1.6256,-999.25
34.6280,187.73373,-999.25.00000,1.6236,-999.25
34.7804,186.80228,-999.25.00000,1.6317,-999.25
34.9328,185.84697,-999.25.00000,1.6401,-999.25
35.0852,185.37466,-999.25.00000,1.6442,-999.25
35.2376,184.65155,-999.25.00000,1.6507,-999.25
35.3900,184.41934,-999.25.00000,1.6528,-999.25
35.5424,184.41934,-999.25.00000,1.6528,-999.25
35.6948,184.65149,-999.25.00000,1.6507,-999.25
35.8472,185.36658,-999.25.00000,1.6443,-999.25
35.9996,185.59891,-999.25.00000,1.6423,-999.25
36.1520,185.60684,-999.25.00000,1.6422,-999.25
36.3044,185.59886,-999.25.00000,1.6423,-999.25
36.4568,185.36665,-999.25.00000,1.6443,-999.25
36.6092,184.65149,-999.25.00000,1.6507,-999.25
36.7616,184.41933,-999.25.00000,1.6528,-999.25
36.9140,184.40346,-999.25.00000,1.6529,-999.25
37.0664,184.17126,-999.25.00000,1.6550,-999.25
37.2188,183.45612,-999.25.00000,1.6614,-999.25
37.3712,183.21594,-999.25.00000,1.6636,-999.25
37.5236,182.97581,-999.25.00000,1.6658,-999.25
37.6760,182.26071,-999.25.00000,1.6723,-999.25
37.8284,182.02844,-999.25.00000,1.6745,-999.25
37.9808,182.02045,-999.25.00000,1.6745,-999.25
38.1332,182.01247,-999.25.00000,1.6746,-999.25
38.2856,181.78023,-999.25.00000,1.6767,-999.25
38.4380,181.06511,-999.25.00000,1.6834,-999.25
38.5904,180.83293,-999.25.00000,1.6855,-999.25
38.7428,180.82498,-999.25.00000,1.6856,-999.25
38.8952,180.82498,-999.25.00000,1.6856,-999.25
39.0476,180.82498,-999.25.00000,1.6856,-999.25
39.2000,180.82498,-999.25.00000,1.6856,-999.25
39.3524,180.83293,-999.25.00000,1.6855,-999.25
39.5048,181.06509,-999.25.00000,1.6834,-999.25
39.6572,181.78020,-999.25.00000,1.6768,-999.25
39.8096,182.01251,-999.25.00000,1.6746,-999.25
39.9620,182.02045,-999.25.00000,1.6745,-999.25
40.1144,182.01247,-999.25.00000,1.6746,-999.25
40.2668,181.78023,-999.25.00000,1.6767,-999.25
40.4192,181.05714,-999.25.00000,1.6834,-999.25
40.5716,180.59276,-999.25.00000,1.6878,-999.25
40.7240,179.86964,-999.25.00000,1.6946,-999.25
40.8764,179.63745,-999.25.00000,1.6968,-999.25
41.0288,179.63747,-999.25.00000,1.6968,-999.25
41.1812,179.88554,-999.25.00000,1.6944,-999.25
41.3336,181.07294,-999.25.00000,1.6833,-999.25
41.4860,182.96756,-999.25.00000,1.6659,-999.25
41.6384,184.15514,-999.25.00000,1.6551,-999.25
41.7908,184.38745,-999.25.00000,1.6530,-999.25
41.9432,183.92291,-999.25.00000,1.6572,-999.25
42.0956,182.25246,-999.25.00000,1.6724,-999.25
42.2480,180.84077,-999.25.00000,1.6855,-999.25
42.4004,179.87758,-999.25.00000,1.6945,-999.25
42.5528,179.64540,-999.25.00000,1.6967,-999.25
42.7052,179.86966,-999.25.00000,1.6946,-999.25
42.8576,180.58482,-999.25.00000,1.6878,-999.25
43.0100,180.81703,-999.25.00000,1.6857,-999.25
43.1624,180.81703,-999.25.00000,1.6857,-999.25
43.3148,180.58487,-999.25.00000,1.6878,-999.25
43.4672,179.86975,-999.25.00000,1.6946,-999.25
43.6196,179.62956,-999.25.00000,1.6968,-999.25
43.7720,179.38129,-999.25.00000,1.6992,-999.25
43.9244,178.43393,-999.25.00000,1.7082,-999.25
44.0768,177.49464,-999.25.00000,1.7172,-999.25
44.2292,177.50269,-999.25.00000,1.7172,-999.25
44.3816,178.67429,-999.25.00000,1.7059,-999.25
44.5340,180.33678,-999.25.00000,1.6902,-999.25
44.6864,180.81705,-999.25.00000,1.6857,-999.25
44.8388,181.07306,-999.25.00000,1.6833,-999.25
44.9912,182.01245,-999.25.00000,1.6746,-999.25
45.1436,182.73558,-999.25.00000,1.6680,-999.25
45.2960,182.50075,-999.25.00000,1.6701,-999.25
45.4484,183.22374,-999.25.00000,1.6635,-999.25
45.6008,184.15517,-999.25.00000,1.6551,-999.25
45.7532,184.15520,-999.25.00000,1.6551,-999.25
45.9056,183.21579,-999.25.00000,1.6636,-999.25
46.0580,182.26851,-999.25.00000,1.6723,-999.25
46.2104,182.02840,-999.25.00000,1.6745,-999.25
46.3628,182.02841,-999.25.00000,1.6745,-999.25
46.5152,182.26059,-999.25.00000,1.6723,-999.25
46.6676,182.97577,-999.25.00000,1.6658,-999.25
46.8200,183.20795,-999.25.00000,1.6637,-999.25
46.9724,183.20798,-999.25.00000,1.6637,-999.25
47.1248,182.97581,-999.25.00000,1.6658,-999.25
47.2772,182.25275,-999.25.00000,1.6724,-999.25
47.4296,181.78038,-999.25.00000,1.6767,-999.25
47.5820,180.83279,-999.25.00000,1.6855,-999.25
47.7344,180.12581,-999.25.00000,1.6922,-999.25
47.8868,180.83307,-999.25.00000,1.6855,-999.25
48.0392,181.77240,-999.25.00000,1.6768,-999.25
48.1916,182.00455,-999.25.00000,1.6747,-999.25
48.3440,181.77232,-999.25.00000,1.6768,-999.25
48.4964,180.82498,-999.25.00000,1.6856,-999.25
48.6488,179.89351,-999.25.00000,1.6943,-999.25
48.8012,180.11772,-999.25.00000,1.6922,-999.25
48.9536,181.54007,-999.25.00000,1.6790,-999.25
49.1060,181.98862,-999.25.00000,1.6748,-999.25
49.2584,181.54022,-999.25.00000,1.6790,-999.25
49.4108,180.11003,-999.25.00000,1.6923,-999.25
49.5632,179.64540,-999.25.00000,1.6967,-999.25
49.7156,179.62952,-999.25.00000,1.6968,-999.25
49.8680,179.63750,-999.25.00000,1.6968,-999.25
50.0204,179.86972,-999.25.00000,1.6946,-999.25
50.1728,180.58487,-999.25.00000,1.6878,-999.25
50.3252,180.82500,-999.25.00000,1.6856,-999.25
50.4776,181.06512,-999.25.00000,1.6834,-999.25
50.6300,181.78029,-999.25.00000,1.6767,-999.25
50.7824,182.01250,-999.25.00000,1.6746,-999.25
50.9348,182.02045,-999.25.00000,1.6745,-999.25
51.0872,182.02840,-999.25.00000,1.6745,-999.25
51.2396,182.26848,-999.25.00000,1.6723,-999.25
51.3920,183.22369,-999.25.00000,1.6635,-999.25
51.5444,184.40359,-999.25.00000,1.6529,-999.25
51.6968,185.35081,-999.25.00000,1.6444,-999.25
51.8492,185.35870,-999.25.00000,1.6444,-999.25
52.0016,184.65149,-999.25.00000,1.6507,-999.25
52.1540,184.41933,-999.25.00000,1.6528,-999.25
52.3064,184.41139,-999.25.00000,1.6528,-999.25
52.4588,184.41139,-999.25.00000,1.6528,-999.25
52.6112,184.40346,-999.25.00000,1.6529,-999.25
52.7636,184.17126,-999.25.00000,1.6550,-999.25
52.9160,183.45615,-999.25.00000,1.6614,-999.25
53.0684,183.22389,-999.25.00000,1.6635,-999.25
53.2208,183.22386,-999.25.00000,1.6635,-999.25
53.3732,183.45599,-999.25.00000,1.6614,-999.25
53.5256,184.17130,-999.25.00000,1.6550,-999.25
53.6780,184.41141,-999.25.00000,1.6528,-999.25
53.8304,184.65160,-999.25.00000,1.6507,-999.25
53.9828,185.35876,-999.25.00000,1.6444,-999.25
54.1352,185.35080,-999.25.00000,1.6444,-999.25
54.2876,184.39548,-999.25.00000,1.6530,-999.25
54.4400,182.97580,-999.25.00000,1.6658,-999.25
54.5924,181.06522,-999.25.00000,1.6834,-999.25
54.7448,179.63757,-999.25.00000,1.6967,-999.25
54.8972,178.44215,-999.25.00000,1.7081,-999.25
55.0496,177.48683,-999.25.00000,1.7173,-999.25
55.2020,177.23865,-999.25.00000,1.7197,-999.25
55.3544,176.99034,-999.25.00000,1.7221,-999.25
55.5068,176.03499,-999.25.00000,1.7315,-999.25
55.6592,174.84750,-999.25.00000,1.7432,-999.25
55.8116,173.66803,-999.25.00000,1.7551,-999.25
55.9640,172.95296,-999.25.00000,1.7623,-999.25
56.1164,173.66019,-999.25.00000,1.7552,-999.25
56.2688,174.60753,-999.25.00000,1.7456,-999.25
56.4212,175.07985,-999.25.00000,1.7409,-999.25
56.5736,175.80296,-999.25.00000,1.7338,-999.25
56.7260,176.04312,-999.25.00000,1.7314,-999.25
56.8784,176.27530,-999.25.00000,1.7291,-999.25
57.0308,176.75032,-999.25.00000,1.7245,-999.25
57.1832,176.03532,-999.25.00000,1.7315,-999.25
57.3356,175.09570,-999.25.00000,1.7408,-999.25
57.4880,174.86359,-999.25.00000,1.7431,-999.25
57.6404,175.08789,-999.25.00000,1.7408,-999.25
57.7928,175.80302,-999.25.00000,1.7338,-999.25
57.9452,176.03519,-999.25.00000,1.7315,-999.25
58.0976,176.04314,-999.25.00000,1.7314,-999.25
58.2500,176.04314,-999.25.00000,1.7314,-999.25
58.4024,176.04314,-999.25.00000,1.7314,-999.25
58.5548,176.05109,-999.25.00000,1.7313,-999.25
58.7072,176.28326,-999.25.00000,1.7290,-999.25
58.8596,177.00633,-999.25.00000,1.7220,-999.25
59.0120,177.47072,-999.25.00000,1.7175,-999.25
59.1644,178.20174,-999.25.00000,1.7104,-999.25
59.3168,178.67435,-999.25.00000,1.7059,-999.25
59.4692,179.63765,-999.25.00000,1.6967,-999.25
59.6216,180.83310,-999.25.00000,1.6855,-999.25
59.7740,182.25279,-999.25.00000,1.6724,-999.25
59.9264,183.93117,-999.25.00000,1.6571,-999.25
60.0788,184.62769,-999.25.00000,1.6509,-999.25
60.2312,185.12657,-999.25.00000,1.6464,-999.25
60.3836,184.64359,-999.25.00000,1.6507,-999.25
60.5360,184.41934,-999.25.00000,1.6528,-999.25
60.6884,184.41139,-999.25.00000,1.6528,-999.25
60.8408,184.41139,-999.25.00000,1.6528,-999.25
60.9932,184.41139,-999.25.00000,1.6528,-999.25
61.1456,184.41139,-999.25.00000,1.6528,-999.25
61.2980,184.41139,-999.25.00000,1.6528,-999.25
61.4504,184.41139,-999.25.00000,1.6528,-999.25
61.6028,184.41139,-999.25.00000,1.6528,-999.25
61.7552,184.41139,-999.25.00000,1.6528,-999.25
61.9076,184.41139,-999.25.00000,1.6528,-999.25
62.0600,184.41139,-999.25.00000,1.6528,-999.25
62.2124,184.41139,-999.25.00000,1.6528,-999.25
62.3648,184.41139,-999.25.00000,1.6528,-999.25
62.5172,184.41934,-999.25.00000,1.6528,-999.25
62.6696,184.65149,-999.25.00000,1.6507,-999.25
62.8220,185.36661,-999.25.00000,1.6443,-999.25
62.9744,185.59091,-999.25.00000,1.6423,-999.25
63.1268,185.36658,-999.25.00000,1.6443,-999.25
63.2792,184.65146,-999.25.00000,1.6507,-999.25
63.4316,184.41136,-999.25.00000,1.6528,-999.25
63.5840,184.17914,-999.25.00000,1.6549,-999.25
63.7364,183.70418,-999.25.00000,1.6592,-999.25
63.8888,184.43527,-999.25.00000,1.6526,-999.25
64.0412,185.84700,-999.25.00000,1.6401,-999.25
64.1936,187.74928,-999.25.00000,1.6234,-999.25
64.3460,188.91853,-999.25.00000,1.6134,-999.25
64.4984,188.90440,-999.25.00000,1.6135,-999.25
64.6508,187.98723,-999.25.00000,1.6214,-999.25
64.8032,187.05016,-999.25.00000,1.6295,-999.25
64.9556,186.80235,-999.25.00000,1.6317,-999.25
65.1080,186.56203,-999.25.00000,1.6338,-999.25
65.2604,185.84695,-999.25.00000,1.6401,-999.25
65.4128,185.61479,-999.25.00000,1.6421,-999.25
65.5652,185.60684,-999.25.00000,1.6422,-999.25
65.7176,185.60684,-999.25.00000,1.6422,-999.25
65.8700,185.60684,-999.25.00000,1.6422,-999.25
66.0224,185.60684,-999.25.00000,1.6422,-999.25
66.1748,185.60684,-999.25.00000,1.6422,-999.25
66.3272,185.60684,-999.25.00000,1.6422,-999.25
66.4796,185.60684,-999.25.00000,1.6422,-999.25
66.6320,185.60684,-999.25.00000,1.6422,-999.25
66.7844,185.60684,-999.25.00000,1.6422,-999.25
66.9368,185.60684,-999.25.00000,1.6422,-999.25
67.0892,185.60684,-999.25.00000,1.6422,-999.25
67.2416,185.60684,-999.25.00000,1.6422,-999.25
67.3940,185.60684,-999.25.00000,1.6422,-999.25
67.5464,185.61481,-999.25.00000,1.6421,-999.25
67.6988,185.83907,-999.25.00000,1.6401,-999.25
67.8512,186.32202,-999.25.00000,1.6359,-999.25
68.0036,185.83904,-999.25.00000,1.6401,-999.25
68.1560,185.61481,-999.25.00000,1.6421,-999.25
68.3084,185.60684,-999.25.00000,1.6422,-999.25
68.4608,185.60684,-999.25.00000,1.6422,-999.25
68.6132,185.60684,-999.25.00000,1.6422,-999.25
68.7656,185.60684,-999.25.00000,1.6422,-999.25
68.9180,185.60684,-999.25.00000,1.6422,-999.25
69.0704,185.60684,-999.25.00000,1.6422,-999.25
69.2228,185.59886,-999.25.00000,1.6423,-999.25
69.3752,185.36664,-999.25.00000,1.6443,-999.25
69.5276,184.65149,-999.25.00000,1.6507,-999.25
69.6800,184.41933,-999.25.00000,1.6528,-999.25
69.8324,184.41139,-999.25.00000,1.6528,-999.25
69.9848,184.41139,-999.25.00000,1.6528,-999.25
70.1372,184.41139,-999.25.00000,1.6528,-999.25
70.2896,184.41139,-999.25.00000,1.6528,-999.25
70.4420,184.41139,-999.25.00000,1.6528,-999.25
70.5944,184.41934,-999.25.00000,1.6528,-999.25
70.7468,184.65147,-999.25.00000,1.6507,-999.25
70.8992,185.36676,-999.25.00000,1.6443,-999.25
71.0516,185.59891,-999.25.00000,1.6423,-999.25
71.2040,185.60684,-999.25.00000,1.6422,-999.25
71.3564,185.60684,-999.25.00000,1.6422,-999.25
71.5088,185.60684,-999.25.00000,1.6422,-999.25
71.6612,185.60684,-999.25.00000,1.6422,-999.25
71.8136,185.60684,-999.25.00000,1.6422,-999.25
71.9660,185.60684,-999.25.00000,1.6422,-999.25
72.1184,185.60684,-999.25.00000,1.6422,-999.25
72.2708,185.61479,-999.25.00000,1.6421,-999.25
72.4232,185.84695,-999.25.00000,1.6401,-999.25
72.5756,186.56207,-999.25.00000,1.6338,-999.25
72.7280,186.79433,-999.25.00000,1.6317,-999.25
72.8804,186.79431,-999.25.00000,1.6317,-999.25
73.0328,186.56206,-999.25.00000,1.6338,-999.25
73.1852,185.84695,-999.25.00000,1.6401,-999.25
73.3376,185.61479,-999.25.00000,1.6421,-999.25
73.4900,185.60684,-999.25.00000,1.6422,-999.25
73.6424,185.60684,-999.25.00000,1.6422,-999.25
73.7948,185.60684,-999.25.00000,1.6422,-999.25
73.9472,185.60684,-999.25.00000,1.6422,-999.25
74.0996,185.60684,-999.25.00000,1.6422,-999.25
74.2520,185.60684,-999.25.00000,1.6422,-999.25
74.4044,185.59889,-999.25.00000,1.6423,-999.25
74.5568,185.36674,-999.25.00000,1.6443,-999.25
74.7092,184.65164,-999.25.00000,1.6507,-999.25
74.8616,184.41135,-999.25.00000,1.6528,-999.25
75.0140,184.17114,-999.25.00000,1.6550,-999.25
75.1664,183.45604,-999.25.00000,1.6614,-999.25
75.3188,183.21590,-999.25.00000,1.6636,-999.25
75.4712,182.97574,-999.25.00000,1.6658,-999.25
75.6236,182.26059,-999.25.00000,1.6723,-999.25
75.7760,182.02840,-999.25.00000,1.6745,-999.25
75.9284,182.02045,-999.25.00000,1.6745,-999.25
76.0808,182.02045,-999.25.00000,1.6745,-999.25
76.2332,182.02045,-999.25.00000,1.6745,-999.25
76.3856,182.02045,-999.25.00000,1.6745,-999.25
76.5380,182.02045,-999.25.00000,1.6745,-999.25
76.6904,182.02045,-999.25.00000,1.6745,-999.25
76.8428,182.02045,-999.25.00000,1.6745,-999.25
76.9952,182.02045,-999.25.00000,1.6745,-999.25
77.1476,182.02045,-999.25.00000,1.6745,-999.25
77.3000,182.02045,-999.25.00000,1.6745,-999.25
77.4524,182.02045,-999.25.00000,1.6745,-999.25
77.6048,182.02045,-999.25.00000,1.6745,-999.25
77.7572,182.02045,-999.25.00000,1.6745,-999.25
77.9096,182.02840,-999.25.00000,1.6745,-999.25
78.0620,182.26056,-999.25.00000,1.6723,-999.25
78.2144,182.98364,-999.25.00000,1.6657,-999.25
78.3668,183.44804,-999.25.00000,1.6615,-999.25
78.5192,184.17113,-999.25.00000,1.6550,-999.25
78.6716,184.41142,-999.25.00000,1.6528,-999.25
78.8240,184.65164,-999.25.00000,1.6507,-999.25
78.9764,185.35876,-999.25.00000,1.6444,-999.25
79.1288,185.35870,-999.25.00000,1.6444,-999.25
79.2812,184.65149,-999.25.00000,1.6507,-999.25
79.4336,184.41933,-999.25.00000,1.6528,-999.25
79.5860,184.41139,-999.25.00000,1.6528,-999.25
79.7384,184.41139,-999.25.00000,1.6528,-999.25
79.8908,184.41139,-999.25.00000,1.6528,-999.25
80.0432,184.41139,-999.25.00000,1.6528,-999.25
80.1956,184.41139,-999.25.00000,1.6528,-999.25
80.3480,184.41139,-999.25.00000,1.6528,-999.25
80.5004,184.41139,-999.25.00000,1.6528,-999.25
80.6528,184.41939,-999.25.00000,1.6528,-999.25
80.8052,184.65164,-999.25.00000,1.6507,-999.25
80.9576,185.37473,-999.25.00000,1.6442,-999.25
81.1100,185.83913,-999.25.00000,1.6401,-999.25
81.2624,186.55423,-999.25.00000,1.6338,-999.25
81.4148,186.55420,-999.25.00000,1.6338,-999.25
81.5672,185.84698,-999.25.00000,1.6401,-999.25
81.7196,185.61479,-999.25.00000,1.6421,-999.25
81.8720,185.60684,-999.25.00000,1.6422,-999.25
82.0244,185.60684,-999.25.00000,1.6422,-999.25
82.1768,185.60684,-999.25.00000,1.6422,-999.25
82.3292,185.60684,-999.25.00000,1.6422,-999.25
82.4816,185.60684,-999.25.00000,1.6422,-999.25
82.6340,185.60684,-999.25.00000,1.6422,-999.25
82.7864,185.60684,-999.25.00000,1.6422,-999.25
82.9388,185.60684,-999.25.00000,1.6422,-999.25
83.0912,185.60684,-999.25.00000,1.6422,-999.25
83.2436,185.60684,-999.25.00000,1.6422,-999.25
83.3960,185.59889,-999.25.00000,1.6423,-999.25
83.5484,185.36671,-999.25.00000,1.6443,-999.25
83.7008,184.65154,-999.25.00000,1.6507,-999.25
83.8532,184.41141,-999.25.00000,1.6528,-999.25
84.0056,184.17128,-999.25.00000,1.6550,-999.25
84.1580,183.45616,-999.25.00000,1.6614,-999.25
84.3104,183.22389,-999.25.00000,1.6635,-999.25
84.4628,183.21593,-999.25.00000,1.6636,-999.25
84.6152,183.21593,-999.25.00000,1.6636,-999.25
84.7676,183.21593,-999.25.00000,1.6636,-999.25
84.9200,183.20795,-999.25.00000,1.6637,-999.25
85.0724,182.97572,-999.25.00000,1.6658,-999.25
85.2248,182.26057,-999.25.00000,1.6723,-999.25
85.3772,182.02045,-999.25.00000,1.6745,-999.25
85.5296,181.78030,-999.25.00000,1.6767,-999.25
85.6820,181.06516,-999.25.00000,1.6834,-999.25
85.8344,180.83295,-999.25.00000,1.6855,-999.25
85.9868,180.83293,-999.25.00000,1.6855,-999.25
86.1392,181.06509,-999.25.00000,1.6834,-999.25
86.2916,181.78020,-999.25.00000,1.6768,-999.25
86.4440,182.02051,-999.25.00000,1.6745,-999.25
86.5964,182.26866,-999.25.00000,1.6723,-999.25
86.7488,183.21605,-999.25.00000,1.6636,-999.25
86.9012,184.15535,-999.25.00000,1.6551,-999.25
87.0536,184.15530,-999.25.00000,1.6551,-999.25
87.2060,183.21588,-999.25.00000,1.6636,-999.25
87.3584,182.27649,-999.25.00000,1.6722,-999.25
87.5108,182.26854,-999.25.00000,1.6723,-999.25
87.6632,182.98369,-999.25.00000,1.6657,-999.25
87.8156,183.44012,-999.25.00000,1.6616,-999.25
87.9680,183.92310,-999.25.00000,1.6572,-999.25
88.1204,183.21603,-999.25.00000,1.6636,-999.25
88.2728,182.51674,-999.25.00000,1.6700,-999.25
88.4252,183.22404,-999.25.00000,1.6635,-999.25
88.5776,184.16333,-999.25.00000,1.6551,-999.25
88.7300,184.40343,-999.25.00000,1.6529,-999.25
88.8824,184.41139,-999.25.00000,1.6528,-999.25
89.0348,184.41139,-999.25.00000,1.6528,-999.25
89.1872,184.41139,-999.25.00000,1.6528,-999.25
89.3396,184.41934,-999.25.00000,1.6528,-999.25
89.4920,184.64357,-999.25.00000,1.6507,-999.25
89.6444,185.12654,-999.25.00000,1.6464,-999.25
89.7968,184.64362,-999.25.00000,1.6507,-999.25
89.9492,184.41936,-999.25.00000,1.6528,-999.25
90.1016,184.40346,-999.25.00000,1.6529,-999.25
90.2540,184.17130,-999.25.00000,1.6550,-999.25
90.4064,183.45602,-999.25.00000,1.6614,-999.25
90.5588,183.22386,-999.25.00000,1.6635,-999.25
90.7112,183.21593,-999.25.00000,1.6636,-999.25
90.8636,183.20796,-999.25.00000,1.6637,-999.25
91.0160,182.98370,-999.25.00000,1.6657,-999.25
91.1684,182.50073,-999.25.00000,1.6701,-999.25
91.3208,182.97577,-999.25.00000,1.6658,-999.25
91.4732,182.96783,-999.25.00000,1.6659,-999.25
91.6256,182.26064,-999.25.00000,1.6723,-999.25
91.7780,182.03636,-999.25.00000,1.6744,-999.25
91.9304,182.26848,-999.25.00000,1.6723,-999.25
92.0828,183.22372,-999.25.00000,1.6635,-999.25
92.2352,184.41115,-999.25.00000,1.6528,-999.25
92.3876,185.59108,-999.25.00000,1.6423,-999.25
92.5400,186.30603,-999.25.00000,1.6360,-999.25
92.6924,185.59879,-999.25.00000,1.6423,-999.25
92.8448,184.65149,-999.25.00000,1.6507,-999.25
92.9972,184.17119,-999.25.00000,1.6550,-999.25
93.1496,183.20796,-999.25.00000,1.6637,-999.25
93.3020,182.02841,-999.25.00000,1.6745,-999.25
93.4544,181.06516,-999.25.00000,1.6834,-999.25
93.6068,180.58488,-999.25.00000,1.6878,-999.25
93.7592,179.62167,-999.25.00000,1.6969,-999.25
93.9116,178.43423,-999.25.00000,1.7082,-999.25
94.0640,177.24675,-999.25.00000,1.7196,-999.25
94.2164,176.31448,-999.25.00000,1.7287,-999.25
94.3688,176.80058,-999.25.00000,1.7240,-999.25
94.5212,180.33220,-999.25.00000,1.6902,-999.25
94.6736,186.31393,-999.25.00000,1.6359,-999.25
94.8260,191.38501,-999.25.00000,1.5926,-999.25
94.9784,194.89079,-999.25.00000,1.5640,-999.25
95.1308,195.06264,-999.25.00000,1.5626,-999.25
95.2832,193.98074,-999.25.00000,1.5713,-999.25
95.4356,193.01186,-999.25.00000,1.5792,-999.25
95.5880,192.29146,-999.25.00000,1.5851,-999.25
95.7404,190.38890,-999.25.00000,1.6009,-999.25
95.8928,188.47830,-999.25.00000,1.6172,-999.25
96.0452,187.50177,-999.25.00000,1.6256,-999.25
96.1976,185.10196,-999.25.00000,1.6467,-999.25
96.3500,181.04860,-999.25.00000,1.6835,-999.25
96.5024,177.01384,-999.25.00000,1.7219,-999.25
96.6548,172.94084,-999.25.00000,1.7625,-999.25
96.8072,169.95331,-999.25.00000,1.7934,-999.25
96.9596,166.87480,-999.25.00000,1.8265,-999.25
97.1120,164.12833,-999.25.00000,1.8571,-999.25
97.2644,166.01813,-999.25.00000,1.8359,-999.25
97.4168,173.51970,-999.25.00000,1.7566,-999.25
97.5692,181.32666,-999.25.00000,1.6809,-999.25
97.7216,182.73123,-999.25.00000,1.6680,-999.25
97.8740,178.03577,-999.25.00000,1.7120,-999.25
98.0264,177.07646,-999.25.00000,1.7213,-999.25
98.1788,183.16849,-999.25.00000,1.6640,-999.25
98.3312,187.20401,-999.25.00000,1.6282,-999.25
98.4836,187.68585,-999.25.00000,1.6240,-999.25
98.6360,185.56140,-999.25.00000,1.6426,-999.25
98.7884,179.90120,-999.25.00000,1.6943,-999.25
98.9408,175.62894,-999.25.00000,1.7355,-999.25
99.0932,176.77423,-999.25.00000,1.7242,-999.25
99.2456,177.45641,-999.25.00000,1.7176,-999.25
99.3980,175.73399,-999.25.00000,1.7344,-999.25
99.5504,174.70895,-999.25.00000,1.7446,-999.25
99.7028,170.49831,-999.25.00000,1.7877,-999.25
99.8552,163.44955,-999.25.00000,1.8648,-999.25
100.0076,158.33659,-999.25.00000,1.9250,-999.25
100.1600,158.20938,-999.25.00000,1.9266,-999.25
100.3124,160.84146,-999.25.00000,1.8950,-999.25
100.4648,169.36740,-999.25.00000,1.7996,-999.25
100.6172,176.53383,-999.25.00000,1.7266,-999.25
100.7696,178.17123,-999.25.00000,1.7107,-999.25
100.9220,176.90439,-999.25.00000,1.7230,-999.25
101.0744,178.90350,-999.25.00000,1.7037,-999.25
101.2268,184.74971,-999.25.00000,1.6498,-999.25
101.3792,190.88547,-999.25.00000,1.5968,-999.25
101.5316,191.86322,-999.25.00000,1.5886,-999.25
101.6840,189.89694,-999.25.00000,1.6051,-999.25
101.8364,189.07812,-999.25.00000,1.6120,-999.25
101.9888,187.59198,-999.25.00000,1.6248,-999.25
102.1412,182.85645,-999.25.00000,1.6669,-999.25
102.2936,177.07539,-999.25.00000,1.7213,-999.25
102.4460,174.91063,-999.25.00000,1.7426,-999.25
102.5984,175.18303,-999.25.00000,1.7399,-999.25
102.7508,177.69656,-999.25.00000,1.7153,-999.25
102.9032,181.80266,-999.25.00000,1.6765,-999.25
103.0556,186.04730,-999.25.00000,1.6383,-999.25
103.2080,190.10339,-999.25.00000,1.6033,-999.25
103.3604,190.07707,-999.25.00000,1.6036,-999.25
103.5128,187.49394,-999.25.00000,1.6257,-999.25
103.6652,183.20860,-999.25.00000,1.6637,-999.25
103.8176,178.71471,-999.25.00000,1.7055,-999.25
103.9700,175.84000,-999.25.00000,1.7334,-999.25
104.1224,175.81891,-999.25.00000,1.7336,-999.25
104.2748,175.78699,-999.25.00000,1.7339,-999.25
104.4272,174.84758,-999.25.00000,1.7432,-999.25
104.5796,173.90027,-999.25.00000,1.7527,-999.25
104.7320,173.66814,-999.25.00000,1.7551,-999.25
104.8844,173.89235,-999.25.00000,1.7528,-999.25
105.0368,174.59958,-999.25.00000,1.7457,-999.25
105.1892,174.59959,-999.25.00000,1.7457,-999.25
105.3416,173.88446,-999.25.00000,1.7529,-999.25
105.4940,173.43599,-999.25.00000,1.7574,-999.25
105.6464,173.20895,-999.25.00000,1.7597,-999.25
105.7988,175.35933,-999.25.00000,1.7381,-999.25
105.9512,179.36606,-999.25.00000,1.6993,-999.25
106.1036,182.20763,-999.25.00000,1.6728,-999.25
106.2560,181.74033,-999.25.00000,1.6771,-999.25
106.4084,179.63730,-999.25.00000,1.6968,-999.25
106.5608,177.73474,-999.25.00000,1.7149,-999.25
106.7132,177.24655,-999.25.00000,1.7196,-999.25
106.8656,177.00641,811.61890,1.7220,0.3755
107.0180,176.54726,813.63428,1.7264,0.3746
107.1704,177.74263,823.48169,1.7148,0.3701
107.3228,180.58458,840.27051,1.6879,0.3627
107.4752,182.93576,855.77917,1.6662,0.3562
107.6276,183.67496,866.03357,1.6595,0.3519
107.7800,182.49301,872.13763,1.6702,0.3495
107.9324,182.02835,871.03284,1.6745,0.3499
108.0848,181.78020,870.26343,1.6768,0.3502
108.2372,181.05713,866.62769,1.6834,0.3517
108.3896,180.59273,863.55176,1.6878,0.3530
108.5420,179.87759,860.68018,1.6945,0.3541
108.6944,179.86966,860.21997,1.6946,0.3543
108.8468,180.34471,857.76111,1.6901,0.3553
108.9992,179.86171,853.37415,1.6946,0.3572
109.1516,179.63747,846.94513,1.6968,0.3599
109.3040,179.62952,840.69629,1.6968,0.3626
109.4564,179.62952,833.93646,1.6968,0.3655
109.6088,179.62952,830.42877,1.6968,0.3670
109.7612,179.62952,829.73340,1.6968,0.3673
109.9136,179.62952,826.39996,1.6968,0.3688
110.0660,179.62952,825.69061,1.6968,0.3691
110.2184,179.62952,827.59119,1.6968,0.3683
110.3708,179.63748,829.02936,1.6968,0.3677
110.5232,179.86172,828.69440,1.6946,0.3678
110.6756,180.34471,831.53113,1.6901,0.3666
110.8280,179.86171,834.01184,1.6946,0.3655
110.9804,179.63747,835.78943,1.6968,0.3647
111.1328,179.62952,834.66467,1.6968,0.3652
111.2852,179.62952,832.38171,1.6968,0.3662
111.4376,179.62158,826.19690,1.6969,0.3689
111.5900,179.38945,821.64301,1.6991,0.3710
111.7424,178.67415,820.61188,1.7059,0.3714
111.8948,178.43402,817.73999,1.7082,0.3727
112.0472,178.17647,816.11646,1.7107,0.3735
112.1996,176.93671,811.34546,1.7226,0.3757
112.3520,174.56592,801.82141,1.7460,0.3801
112.5044,171.78482,789.92560,1.7743,0.3859
112.6568,170.22562,776.96844,1.7906,0.3923
112.8092,172.97189,770.50970,1.7621,0.3956
112.9616,177.70544,775.76746,1.7152,0.3929
113.1140,180.77704,792.43451,1.6861,0.3846
113.2664,182.47942,807.98505,1.6703,0.3772
113.4188,182.24472,821.41577,1.6725,0.3711
113.5712,182.02049,831.90204,1.6745,0.3664
113.7236,181.78017,837.47772,1.6768,0.3639
113.8760,181.07307,838.61749,1.6833,0.3635
114.0284,181.07317,835.95514,1.6833,0.3646
114.1808,181.78033,834.90710,1.6767,0.3651
114.3332,182.01251,834.90509,1.6746,0.3651
114.4856,182.02045,833.27557,1.6745,0.3658
114.6380,182.02045,827.93134,1.6745,0.3681
114.7904,182.01250,825.00153,1.6746,0.3695
114.9428,181.78032,820.72101,1.6767,0.3714
115.0952,181.06520,815.27826,1.6834,0.3739
115.2476,180.83296,816.25934,1.6855,0.3734
115.4000,180.81703,817.89728,1.6857,0.3727
115.5524,180.58488,816.69525,1.6878,0.3732
115.7048,179.87759,816.57660,1.6945,0.3733
115.8572,179.87770,815.93793,1.6945,0.3736
116.0096,180.58488,817.27014,1.6878,0.3729
116.1620,180.80908,822.39349,1.6858,0.3706
116.3144,180.59276,824.73767,1.6878,0.3696
116.4668,180.12555,823.46332,1.6922,0.3701
116.6192,181.07666,824.79553,1.6833,0.3695
116.7716,182.95438,826.55212,1.6660,0.3688
116.9240,184.13504,827.26538,1.6553,0.3684
117.0764,183.91510,824.89423,1.6573,0.3695
117.2288,182.24493,824.36365,1.6725,0.3697
117.3812,180.59306,819.93701,1.6878,0.3717
117.5336,178.66664,812.85303,1.7060,0.3750
117.6860,177.01407,800.68896,1.7219,0.3807
117.8384,175.34380,785.51788,1.7383,0.3880
117.9908,175.10378,771.00079,1.7407,0.3953
118.1432,175.80302,754.80914,1.7338,0.4038
118.2956,176.02724,746.12476,1.7316,0.4085
118.4480,175.81094,745.88336,1.7337,0.4086
118.6004,175.32002,747.79266,1.7385,0.4076
118.7528,175.57080,748.11987,1.7361,0.4074
118.9052,175.08784,745.58301,1.7408,0.4088
119.0576,175.10370,746.79425,1.7407,0.4081
119.2100,176.02713,755.00531,1.7316,0.4037
119.3624,176.50223,760.47742,1.7269,0.4008
119.5148,175.08762,765.95221,1.7408,0.3979
119.6672,174.16441,764.98132,1.7501,0.3984
119.8196,175.10396,760.19263,1.7407,0.4010
119.9720,176.99861,757.53577,1.7220,0.4024
120.1244,178.42618,759.91479,1.7083,0.4011
120.2768,179.62161,765.60016,1.6969,0.3981
120.4292,180.57690,768.42194,1.6879,0.3967
120.5816,180.81705,772.77820,1.6857,0.3944
120.7340,180.82498,776.24109,1.6856,0.3927
120.8864,180.82498,778.71216,1.6856,0.3914
121.0388,180.81703,783.90839,1.6857,0.3888
121.1912,180.57693,795.67993,1.6879,0.3831
121.3436,179.62968,806.65961,1.6968,0.3779
121.4960,178.68211,816.77124,1.7058,0.3732
121.6484,178.44202,829.42792,1.7081,0.3675
121.8008,178.43405,836.38013,1.7082,0.3644
121.9532,178.43405,837.24579,1.7082,0.3641
122.1056,178.43405,839.43024,1.7082,0.3631
122.2580,178.43405,841.50806,1.7082,0.3622
122.4104,178.43405,838.84662,1.7082,0.3634
122.5628,178.44994,838.76086,1.7080,0.3634
122.7152,178.92224,842.42676,1.7035,0.3618
122.8676,180.58469,845.83093,1.6879,0.3604
123.0200,181.75633,848.02472,1.6770,0.3594
123.1724,181.77237,844.67395,1.6768,0.3608
123.3248,181.06526,840.12451,1.6834,0.3628
123.4772,180.82494,834.98773,1.6856,0.3650
123.6296,180.58473,828.64728,1.6879,0.3678
123.7820,179.86961,825.80908,1.6946,0.3691
123.9344,179.63745,822.85913,1.6968,0.3704
124.0868,179.62952,821.96179,1.6968,0.3708
124.2392,179.62952,817.06110,1.6968,0.3730
124.3916,179.62158,809.88110,1.6969,0.3764
124.5440,179.38147,801.34802,1.6992,0.3804
124.6964,178.42619,788.34680,1.7083,0.3866
124.8488,177.24667,781.55927,1.7196,0.3900
125.0012,176.30724,781.15466,1.7288,0.3902
125.1536,176.54329,781.83325,1.7265,0.3899
125.3060,178.31912,783.59296,1.7093,0.3890
125.4584,179.96005,783.68140,1.6937,0.3889
125.6108,180.20610,778.26410,1.6914,0.3916
125.7632,178.68608,777.49249,1.7058,0.3920
125.9156,177.99091,782.39166,1.7124,0.3896
126.0680,179.64552,792.08850,1.6967,0.3848
126.2204,181.75648,805.71533,1.6770,0.3783
126.3728,182.70384,816.41010,1.6683,0.3733
126.5252,181.77240,818.89203,1.6768,0.3722
126.6776,180.11786,817.47064,1.6922,0.3729
126.8300,179.64545,817.17462,1.6967,0.3730
126.9824,179.62952,819.53833,1.6968,0.3719
127.1348,179.62952,820.37988,1.6968,0.3715
127.2872,179.62952,818.58716,1.6968,0.3723
127.4396,179.62952,816.05365,1.6968,0.3735
127.5920,179.63750,815.90790,1.6968,0.3736
127.7444,179.86974,817.71802,1.6946,0.3727
127.8968,180.58487,817.93896,1.6878,0.3726
128.0492,180.81705,813.76697,1.6857,0.3746
128.2016,180.81703,811.95935,1.6857,0.3754
128.3540,180.57690,805.94598,1.6879,0.3782
128.5064,179.62958,797.64777,1.6968,0.3821
128.6588,178.68224,792.90070,1.7058,0.3844
128.8112,178.43410,787.81818,1.7082,0.3869
128.9636,178.18600,780.88251,1.7106,0.3903
129.1160,177.23877,772.62921,1.7197,0.3945
129.2684,176.28319,764.45453,1.7290,0.3987
129.4208,175.80286,755.20428,1.7338,0.4036
129.5732,174.84755,750.25525,1.7432,0.4063
129.7256,173.90027,743.16193,1.7527,0.4101
129.8780,173.66017,740.04999,1.7552,0.4119
130.0304,173.64426,731.67059,1.7553,0.4166
130.1828,173.39619,722.22052,1.7578,0.4220
130.3352,172.22461,715.40204,1.7698,0.4261
130.4876,170.81015,715.97028,1.7844,0.4257
130.6400,171.50931,717.76501,1.7772,0.4247
130.7924,172.93163,716.03900,1.7625,0.4257
130.9448,172.91318,715.92609,1.7627,0.4257
131.0972,173.21161,716.31244,1.7597,0.4255
131.2496,173.64195,715.14252,1.7553,0.4262
131.4020,176.02196,711.39203,1.7316,0.4285
131.5544,175.53880,705.17889,1.7364,0.4322
131.7068,173.44911,704.40076,1.7573,0.4327
131.8592,174.18826,709.56372,1.7498,0.4296
132.0116,177.47087,716.95496,1.7175,0.4251
132.1640,181.00427,725.57581,1.6839,0.4201
132.3164,180.99635,729.73962,1.6840,0.4177
132.4688,177.21504,734.82861,1.7199,0.4148
132.6212,172.71324,735.56384,1.7648,0.4144
132.7736,169.13914,729.22083,1.8021,0.4180
132.9260,166.87872,718.45319,1.8265,0.4242
133.0784,166.20898,697.78925,1.8338,0.4368
133.2308,167.39291,674.36365,1.8209,0.4520
133.3832,171.94461,658.58936,1.7727,0.4628
133.5356,178.52864,653.30310,1.7073,0.4666
133.6880,182.12543,660.10577,1.6736,0.4617
133.8404,181.86252,675.70795,1.6760,0.4511
133.9928,177.28319,695.51361,1.7193,0.4382
134.1452,173.98228,714.84814,1.7519,0.4264
134.2976,178.22551,730.48596,1.7102,0.4173
134.4500,182.89867,742.78729,1.6665,0.4103
134.6024,182.64034,756.04492,1.6689,0.4032
134.7548,178.65367,771.59814,1.7061,0.3950
134.9072,172.23883,781.53540,1.7696,0.3900
135.0596,168.17853,785.69305,1.8124,0.3879
135.2120,165.76640,781.34265,1.8387,0.3901
135.3644,162.20143,768.65717,1.8791,0.3965
135.5168,160.35484,751.30463,1.9008,0.4057
135.6692,162.93840,727.41351,1.8706,0.4190
135.8216,169.08159,706.94263,1.8027,0.4312
135.9740,172.59781,707.54456,1.7660,0.4308
136.1264,171.51720,717.45831,1.7771,0.4248
136.2788,167.86496,726.88947,1.8157,0.4193
136.4312,166.69597,728.57416,1.8285,0.4184
136.5836,166.56396,716.12708,1.8299,0.4256
136.7360,167.72116,697.84650,1.8173,0.4368
136.8884,172.49561,680.50580,1.7670,0.4479
137.0408,178.37126,663.37390,1.7088,0.4595
137.1932,182.41052,-999.25.00000,1.6710,-999.25
137.3456,180.29649,-999.25.00000,1.6905,-999.25
137.4980,175.83188,-999.25.00000,1.7335,-999.25
137.6504,173.94798,-999.25.00000,1.7522,-999.25
137.8028,174.14047,-999.25.00000,1.7503,-999.25
137.9552,175.60260,-999.25.00000,1.7357,-999.25
138.1076,177.21994,-999.25.00000,1.7199,-999.25
138.2600,180.52382,-999.25.00000,1.6884,-999.25
138.4124,179.35251,-999.25.00000,1.6994,-999.25
138.5648,174.37843,-999.25.00000,1.7479,-999.25
138.7172,173.22775,-999.25.00000,1.7595,-999.25
138.8696,172.64137,-999.25.00000,1.7655,-999.25
139.0220,170.99117,-999.25.00000,1.7825,-999.25
139.1744,165.76891,-999.25.00000,1.8387,-999.25
139.3268,161.69299,-999.25.00000,1.8851,-999.25
139.4792,161.91086,-999.25.00000,1.8825,-999.25
139.6316,165.41978,-999.25.00000,1.8426,-999.25
139.7840,171.40715,-999.25.00000,1.7782,-999.25
139.9364,178.12398,-999.25.00000,1.7112,-999.25
140.0888,182.38675,-999.25.00000,1.6712,-999.25
140.2412,179.78058,-999.25.00000,1.6954,-999.25
140.3936,172.80405,-999.25.00000,1.7638,-999.25
140.5460,166.64516,-999.25.00000,1.8290,-999.25
140.6984,164.12468,-999.25.00000,1.8571,-999.25
140.8508,166.12254,-999.25.00000,1.8348,-999.25
141.0032,172.25610,-999.25.00000,1.7695,-999.25
141.1556,181.26920,-999.25.00000,1.6815,-999.25
141.3080,187.88142,-999.25.00000,1.6223,-999.25
141.4604,188.86015,-999.25.00000,1.6139,-999.25
141.6128,184.37936,-999.25.00000,1.6531,-999.25
141.7652,178.93810,-999.25.00000,1.7034,-999.25
141.9176,175.12666,-999.25.00000,1.7405,-999.25
142.0700,172.93211,-999.25.00000,1.7625,-999.25
142.2224,172.34708,-999.25.00000,1.7685,-999.25
142.3748,172.52376,-999.25.00000,1.7667,-999.25
142.5272,173.56142,-999.25.00000,1.7562,-999.25
142.6796,173.37340,-999.25.00000,1.7581,-999.25
142.8320,169.44592,-999.25.00000,1.7988,-999.25
142.9844,169.21584,-999.25.00000,1.8012,-999.25
143.1368,179.18947,-999.25.00000,1.7010,-999.25
143.2892,186.50328,-999.25.00000,1.6343,-999.25
143.4416,187.08659,-999.25.00000,1.6292,-999.25
143.5940,184.70918,-999.25.00000,1.6502,-999.25
143.7464,186.12753,-999.25.00000,1.6376,-999.25
143.8988,189.63641,-999.25.00000,1.6073,-999.25
144.0512,190.80013,-999.25.00000,1.5975,-999.25
144.2036,188.68135,-999.25.00000,1.6154,-999.25
144.3560,184.67302,-999.25.00000,1.6505,-999.25
144.5084,181.71977,-999.25.00000,1.6773,-999.25
144.6608,181.06320,-999.25.00000,1.6834,-999.25
144.8132,179.79541,-999.25.00000,1.6953,-999.25
144.9656,179.21562,-999.25.00000,1.7007,-999.25
145.1180,181.83394,-999.25.00000,1.6763,-999.25
145.2704,187.72627,-999.25.00000,1.6236,-999.25
145.4228,192.22256,-999.25.00000,1.5857,-999.25
145.5752,191.27240,-999.25.00000,1.5935,-999.25
145.7276,187.74173,-999.25.00000,1.6235,-999.25
145.8800,183.23193,-999.25.00000,1.6635,-999.25
146.0324,179.17856,-999.25.00000,1.7011,-999.25
146.1848,177.27057,-999.25.00000,1.7194,-999.25
146.3372,176.29134,-999.25.00000,1.7290,-999.25
146.4896,176.04320,-999.25.00000,1.7314,-999.25
146.6420,175.81099,-999.25.00000,1.7337,-999.25
146.7944,175.32803,-999.25.00000,1.7385,-999.25
146.9468,175.81097,-999.25.00000,1.7337,-999.25
147.0992,176.03519,-999.25.00000,1.7315,-999.25
147.2516,176.03519,-999.25.00000,1.7315,-999.25
147.4040,175.81888,-999.25.00000,1.7336,-999.25
147.5564,175.57607,-999.25.00000,1.7360,-999.25
147.7088,177.00639,-999.25.00000,1.7220,-999.25
147.8612,178.17004,-999.25.00000,1.7107,-999.25
148.0136,178.17802,-999.25.00000,1.7106,-999.25
148.1660,177.25459,-999.25.00000,1.7196,-999.25
148.3184,176.77948,-999.25.00000,1.7242,-999.25
148.4708,178.19370,-999.25.00000,1.7105,-999.25
148.6232,179.11728,-999.25.00000,1.7017,-999.25
148.7756,178.16173,-999.25.00000,1.7108,-999.25
148.9280,175.79463,-999.25.00000,1.7338,-999.25
149.0804,172.71254,-999.25.00000,1.7648,-999.25
149.2328,170.56990,-999.25.00000,1.7870,-999.25
149.3852,170.10558,-999.25.00000,1.7918,-999.25
149.5376,170.81804,-999.25.00000,1.7844,-999.25
149.6900,173.90820,-999.25.00000,1.7526,-999.25
149.8424,177.92978,-999.25.00000,1.7130,-999.25
149.9948,180.32069,-999.25.00000,1.6903,-999.25
150.1472,181.07333,-999.25.00000,1.6833,-999.25
150.2996,182.48665,-999.25.00000,1.6703,-999.25
150.4520,184.17410,-999.25.00000,1.6550,-999.25
150.6044,182.29861,-999.25.00000,1.6720,-999.25
150.7568,180.52660,-999.25.00000,1.6884,-999.25
150.9092,181.15742,-999.25.00000,1.6825,-999.25
151.0616,183.72195,-999.25.00000,1.6590,-999.25
151.2140,187.99011,-999.25.00000,1.6214,-999.25
151.3664,192.02751,-999.25.00000,1.5873,-999.25
151.5188,193.67413,-999.25.00000,1.5738,-999.25
151.6712,193.05923,-999.25.00000,1.5788,-999.25
151.8236,189.53383,-999.25.00000,1.6082,-999.25
151.9760,185.00223,-999.25.00000,1.6475,-999.25
152.1284,179.76779,-999.25.00000,1.6955,-999.25
152.2808,173.38824,-999.25.00000,1.7579,-999.25
152.4332,170.18031,-999.25.00000,1.7910,-999.25
152.5856,172.51877,-999.25.00000,1.7668,-999.25
152.7380,178.89394,-999.25.00000,1.7038,-999.25
152.8904,183.40332,-999.25.00000,1.6619,-999.25
153.0428,184.61183,-999.25.00000,1.6510,-999.25
153.1952,185.12654,-999.25.00000,1.6464,-999.25
153.3476,184.65947,-999.25.00000,1.6506,-999.25
153.5000,184.89165,-999.25.00000,1.6485,-999.25
153.6524,186.06599,-999.25.00000,1.6381,-999.25
153.8048,185.32854,-999.25.00000,1.6446,-999.25
153.9572,183.00322,-999.25.00000,1.6655,-999.25
154.1096,179.74591,-999.25.00000,1.6957,-999.25
154.2620,176.68530,-999.25.00000,1.7251,-999.25
154.4144,176.14281,-999.25.00000,1.7304,-999.25
154.5668,177.42946,-999.25.00000,1.7179,-999.25
154.7192,179.12018,-999.25.00000,1.7017,-999.25
154.8716,179.53746,-999.25.00000,1.6977,-999.25
155.0240,179.08975,-999.25.00000,1.7019,-999.25
155.1764,176.48695,-999.25.00000,1.7270,-999.25
155.3288,171.56053,-999.25.00000,1.7766,-999.25
155.4812,167.62108,-999.25.00000,1.8184,-999.25
155.6336,166.83441,-999.25.00000,1.8270,-999.25
155.7860,168.67650,-999.25.00000,1.8070,-999.25
155.9384,173.67963,-999.25.00000,1.7550,-999.25
156.0908,179.47652,-999.25.00000,1.6983,-999.25
156.2432,184.00917,-999.25.00000,1.6564,-999.25
156.3956,184.87582,-999.25.00000,1.6487,-999.25
156.5480,182.17902,-999.25.00000,1.6731,-999.25
156.7004,176.92497,-999.25.00000,1.7228,-999.25
156.8528,171.58911,-999.25.00000,1.7763,-999.25
157.0052,171.52518,-999.25.00000,1.7770,-999.25
157.1576,176.40433,-999.25.00000,1.7278,-999.25
157.3100,180.63016,-999.25.00000,1.6874,-999.25
157.4624,183.05861,-999.25.00000,1.6650,-999.25
157.6148,183.64714,-999.25.00000,1.6597,-999.25
157.7672,181.58791,-999.25.00000,1.6785,-999.25
157.9196,179.69208,-999.25.00000,1.6962,-999.25
158.0720,180.87260,-999.25.00000,1.6852,-999.25
158.2244,182.48053,-999.25.00000,1.6703,-999.25
158.3768,182.26862,-999.25.00000,1.6723,-999.25
158.5292,182.74117,-999.25.00000,1.6679,-999.25
158.6816,184.63835,-999.25.00000,1.6508,-999.25
158.8340,184.38747,-999.25.00000,1.6530,-999.25
158.9864,183.44806,-999.25.00000,1.6615,-999.25
159.1388,182.72763,-999.25.00000,1.6681,-999.25
159.2912,180.81702,-999.25.00000,1.6857,-999.25
159.4436,178.68219,-999.25.00000,1.7058,-999.25
159.5960,177.23868,-999.25.00000,1.7197,-999.25
159.7484,175.81763,-999.25.00000,1.7336,-999.25
159.9008,174.33076,-999.25.00000,1.7484,-999.25
160.0532,173.06949,-999.25.00000,1.7611,-999.25
160.2056,-999.25.00000,-999.25.00000,-999.25,-999.25
160.3580,-999.25.00000,-999.25.00000,-999.25,-999.25
160.5104,-999.25.00000,-999.25.00000,-999.25,-999.25
160.6628,-999.25.00000,-999.25.00000,-999.25,-999.25
160.8152,-999.25.00000,-999.25.00000,-999.25,-999.25
160.9676,-999.25.00000,-999.25.00000,-999.25,-999.25
161.1200,-999.25.00000,-999.25.00000,-999.25,-999.25
161.2724,-999.25.00000,-999.25.00000,-999.25,-999.25
161.4248,-999.25.00000,-999.25.00000,-999.25,-999.25
161.5772,-999.25.00000,-999.25.00000,-999.25,-999.25
161.7296,-999.25.00000,-999.25.00000,-999.25,-999.25
161.8820,-999.25.00000,-999.25.00000,-999.25,-999.25
162.0344,-999.25.00000,-999.25.00000,-999.25,-999.25
162.1868,-999.25.00000,-999.25.00000,-999.25,-999.25
162.3392,-999.25.00000,-999.25.00000,-999.25,-999.25
162.4916,-999.25.00000,-999.25.00000,-999.25,-999.25
162.6440,-999.25.00000,-999.25.00000,-999.25,-999.25
162.7964,-999.25.00000,-999.25.00000,-999.25,-999.25
162.9488,-999.25.00000,-999.25.00000,-999.25,-999.25
163.1012,-999.25.00000,-999.25.00000,-999.25,-999.25
163.2536,-999.25.00000,-999.25.00000,-999.25,-999.25
163.4060,-999.25.00000,-999.25.00000,-999.25,-999.25
163.5584,-999.25.00000,-999.25.00000,-999.25,-999.25
163.7108,-999.25.00000,-999.25.00000,-999.25,-999.25
163.8632,-999.25.00000,-999.25.00000,-999.25,-999.25
164.0156,-999.25.00000,-999.25.00000,-999.25,-999.25
164.1680,-999.25.00000,-999.25.00000,-999.25,-999.25
164.3204,-999.25.00000,-999.25.00000,-999.25,-999.25
164.4728,-999.25.00000,-999.25.00000,-999.25,-999.25
164.6252,-999.25.00000,-999.25.00000,-999.25,-999.25
164.7776,-999.25.00000,-999.25.00000,-999.25,-999.25
164.9300,-999.25.00000,-999.25.00000,-999.25,-999.25
165.0824,-999.25.00000,-999.25.00000,-999.25,-999.25
165.2348,-999.25.00000,-999.25.00000,-999.25,-999.25
165.3872,-999.25.00000,-999.25.00000,-999.25,-999.25
165.5396,-999.25.00000,-999.25.00000,-999.25,-999.25
165.6920,-999.25.00000,-999.25.00000,-999.25,-999.25
165.8444,-999.25.00000,-999.25.00000,-999.25,-999.25
165.9968,-999.25.00000,-999.25.00000,-999.25,-999.25
166.1492,-999.25.00000,-999.25.00000,-999.25,-999.25
166.3016,-999.25.00000,-999.25.00000,-999.25,-999.25
166.4540,-999.25.00000,-999.25.00000,-999.25,-999.25
166.6064,-999.25.00000,-999.25.00000,-999.25,-999.25
166.7588,-999.25.00000,-999.25.00000,-999.25,-999.25
166.9112,-999.25.00000,-999.25.00000,-999.25,-999.25
167.0636,-999.25.00000,-999.25.00000,-999.25,-999.25
167.2160,-999.25.00000,-999.25.00000,-999.25,-999.25
167.3684,-999.25.00000,-999.25.00000,-999.25,-999.25
167.5208,-999.25.00000,-999.25.00000,-999.25,-999.25
167.6732,-999.25.00000,-999.25.00000,-999.25,-999.25
167.8256,-999.25.00000,-999.25.00000,-999.25,-999.25
167.9780,-999.25.00000,-999.25.00000,-999.25,-999.25
168.1304,-999.25.00000,-999.25.00000,-999.25,-999.25
168.2828,-999.25.00000,-999.25.00000,-999.25,-999.25
168.4352,-999.25.00000,-999.25.00000,-999.25,-999.25
168.5876,-999.25.00000,-999.25.00000,-999.25,-999.25
168.7400,184.50397,-999.25.00000,1.6520,-999.25
168.8924,184.10358,-999.25.00000,1.6556,-999.25
169.0448,182.28346,-999.25.00000,1.6721,-999.25
169.1972,180.65346,-999.25.00000,1.6872,-999.25
169.3496,180.10533,-999.25.00000,1.6923,-999.25
169.5020,181.35938,-999.25.00000,1.6806,-999.25
169.6544,182.56956,-999.25.00000,1.6695,-999.25
169.8068,181.98799,-999.25.00000,1.6748,-999.25
169.9592,180.59291,-999.25.00000,1.6878,-999.25
170.1116,178.93016,-999.25.00000,1.7035,-999.25
170.2640,178.70615,-999.25.00000,1.7056,-999.25
170.4164,179.89412,-999.25.00000,1.6943,-999.25
170.5688,182.29443,-999.25.00000,1.6720,-999.25
170.7212,185.86867,-999.25.00000,1.6399,-999.25
170.8736,189.81798,-999.25.00000,1.6057,-999.25
171.0260,191.63844,-999.25.00000,1.5905,-999.25
171.1784,190.07716,-999.25.00000,1.6036,-999.25
171.3308,186.73723,-999.25.00000,1.6322,-999.25
171.4832,182.51740,-999.25.00000,1.6700,-999.25
171.6356,178.60004,-999.25.00000,1.7066,-999.25
171.7880,176.24908,-999.25.00000,1.7294,-999.25
171.9404,175.10977,-999.25.00000,1.7406,-999.25
172.0928,175.11185,-999.25.00000,1.7406,-999.25
172.2452,176.28354,-999.25.00000,1.7290,-999.25
172.3976,177.94591,-999.25.00000,1.7129,-999.25
172.5500,178.41818,-999.25.00000,1.7083,-999.25
172.7024,178.44200,-999.25.00000,1.7081,-999.25
172.8548,178.67419,-999.25.00000,1.7059,-999.25
173.0072,179.39731,-999.25.00000,1.6990,-999.25
173.1596,179.86169,-999.25.00000,1.6946,-999.25
173.3120,180.58479,-999.25.00000,1.6878,-999.25
173.4644,180.80907,-999.25.00000,1.6858,-999.25
173.6168,180.58487,-999.25.00000,1.6878,-999.25
173.7692,179.86183,-999.25.00000,1.6946,-999.25
173.9216,179.39720,-999.25.00000,1.6990,-999.25
174.0740,178.68213,-999.25.00000,1.7058,-999.25
174.2264,178.69818,-999.25.00000,1.7057,-999.25
174.3788,179.86983,-999.25.00000,1.6946,-999.25
174.5312,181.52431,-999.25.00000,1.6791,-999.25
174.6836,181.74052,-999.25.00000,1.6771,-999.25
174.8360,180.33675,-999.25.00000,1.6902,-999.25
174.9884,177.71893,-999.25.00000,1.7151,-999.25
175.1408,176.08295,-999.25.00000,1.7310,-999.25
175.2932,175.58401,-999.25.00000,1.7359,-999.25
175.4456,177.01418,-999.25.00000,1.7219,-999.25
175.5980,178.41794,-999.25.00000,1.7083,-999.25
175.7504,179.38922,-999.25.00000,1.6991,-999.25
175.9028,179.86984,-999.25.00000,1.6946,-999.25
176.0552,180.80121,-999.25.00000,1.6858,-999.25
176.2076,181.04375,-999.25.00000,1.6836,-999.25
176.3600,178.90625,-999.25.00000,1.7037,-999.25
176.5124,177.47868,-999.25.00000,1.7174,-999.25
176.6648,176.50221,-999.25.00000,1.7269,-999.25
176.8172,173.62862,-999.25.00000,1.7555,-999.25
176.9696,170.09337,-999.25.00000,1.7920,-999.25
177.1220,167.14862,-999.25.00000,1.8235,-999.25
177.2744,166.37077,-999.25.00000,1.8321,-999.25
177.4268,165.64378,-999.25.00000,1.8401,-999.25
177.5792,160.50110,-999.25.00000,1.8991,-999.25
177.7316,157.97978,-999.25.00000,1.9294,-999.25
177.8840,160.77992,-999.25.00000,1.8958,-999.25
178.0364,166.86380,-999.25.00000,1.8266,-999.25
178.1888,173.16464,-999.25.00000,1.7602,-999.25
178.3412,176.04085,-999.25.00000,1.7314,-999.25
178.4936,181.08929,-999.25.00000,1.6831,-999.25
178.6460,187.23772,-999.25.00000,1.6279,-999.25
178.7984,190.81606,-999.25.00000,1.5973,-999.25
178.9508,191.54440,-999.25.00000,1.5913,-999.25
179.1032,191.08008,-999.25.00000,1.5951,-999.25
179.2556,188.93742,-999.25.00000,1.6132,-999.25
179.4080,185.85533,-999.25.00000,1.6400,-999.25
179.5604,183.48027,-999.25.00000,1.6612,-999.25
179.7128,182.27672,-999.25.00000,1.6722,-999.25
179.8652,182.03638,-999.25.00000,1.6744,-999.25
180.0176,182.22876,-999.25.00000,1.6726,-999.25
180.1700,181.96713,-999.25.00000,1.6750,-999.25
180.3224,177.90895,-999.25.00000,1.7132,-999.25
180.4748,171.60011,-999.25.00000,1.7762,-999.25
180.6272,165.91183,-999.25.00000,1.8371,-999.25
180.7796,161.67032,-999.25.00000,1.8853,-999.25
180.9320,160.36415,-999.25.00000,1.9007,-999.25
181.0844,160.72699,-999.25.00000,1.8964,-999.25
181.2368,163.85120,-999.25.00000,1.8602,-999.25
181.3892,171.71730,-999.25.00000,1.7750,-999.25
181.5416,180.98169,-999.25.00000,1.6841,-999.25
181.6940,186.41013,-999.25.00000,1.6351,-999.25
181.8464,188.31854,-999.25.00000,1.6185,-999.25
181.9988,190.12743,-999.25.00000,1.6031,-999.25
182.1512,191.69681,-999.25.00000,1.5900,-999.25
182.3036,193.74872,-999.25.00000,1.5732,-999.25
182.4560,195.71417,-999.25.00000,1.5574,-999.25
182.6084,196.15700,-999.25.00000,1.5539,-999.25
182.7608,193.94919,-999.25.00000,1.5715,-999.25
182.9132,192.28688,-999.25.00000,1.5851,-999.25
183.0656,191.84613,-999.25.00000,1.5888,-999.25
183.2180,186.58221,-999.25.00000,1.6336,-999.25
183.3704,176.53963,-999.25.00000,1.7265,-999.25
183.5228,170.07764,-999.25.00000,1.7921,-999.25
183.6752,173.45645,-999.25.00000,1.7572,-999.25
183.8276,181.21120,-999.25.00000,1.6820,-999.25
183.9800,183.90140,-999.25.00000,1.6574,-999.25
184.1324,183.21675,-999.25.00000,1.6636,-999.25
184.2848,182.03687,-999.25.00000,1.6744,-999.25
184.4372,181.30527,-999.25.00000,1.6811,-999.25
184.5896,181.54018,-999.25.00000,1.6790,-999.25
184.7420,180.82628,-999.25.00000,1.6856,-999.25
184.8944,180.14880,-999.25.00000,1.6919,-999.25
185.0468,180.48048,-999.25.00000,1.6888,-999.25
185.1992,179.02762,-999.25.00000,1.7025,-999.25
185.3516,174.37257,-999.25.00000,1.7480,-999.25
185.5040,167.64842,-999.25.00000,1.8181,-999.25
185.6564,161.25552,-999.25.00000,1.8902,-999.25
185.8088,157.80414,-999.25.00000,1.9315,-999.25
185.9612,157.08844,-999.25.00000,1.9403,-999.25
186.1136,161.65741,-999.25.00000,1.8855,-999.25
186.2660,171.09120,-999.25.00000,1.7815,-999.25
186.4184,179.95392,-999.25.00000,1.6938,-999.25
186.5708,184.46671,-999.25.00000,1.6523,-999.25
186.7232,187.42059,-999.25.00000,1.6263,-999.25
186.8756,190.95236,-999.25.00000,1.5962,-999.25
187.0280,191.64972,-999.25.00000,1.5904,-999.25
187.1804,187.24930,-999.25.00000,1.6278,-999.25
187.3328,186.71973,-999.25.00000,1.6324,-999.25
187.4852,191.81929,-999.25.00000,1.5890,-999.25
187.6376,193.95407,-999.25.00000,1.5715,-999.25
187.7900,191.41296,-999.25.00000,1.5924,-999.25
187.9424,186.29967,-999.25.00000,1.6361,-999.25
188.0948,184.97256,-999.25.00000,1.6478,-999.25
188.2472,184.00140,-999.25.00000,1.6565,-999.25
188.3996,184.22675,-999.25.00000,1.6545,-999.25
188.5520,184.88451,-999.25.00000,1.6486,-999.25
188.7044,186.32993,-999.25.00000,1.6358,-999.25
188.8568,187.02649,-999.25.00000,1.6297,-999.25
189.0092,187.77344,-999.25.00000,1.6232,-999.25
189.1616,188.45410,-999.25.00000,1.6174,-999.25
189.3140,189.42004,-999.25.00000,1.6091,-999.25
189.4664,188.21379,-999.25.00000,1.6194,-999.25
189.6188,186.81802,-999.25.00000,1.6315,-999.25
189.7712,185.83893,-999.25.00000,1.6401,-999.25
189.9236,185.10251,-999.25.00000,1.6467,-999.25
190.0760,182.71948,-999.25.00000,1.6681,-999.25
190.2284,178.93806,-999.25.00000,1.7034,-999.25
190.3808,176.83972,-999.25.00000,1.7236,-999.25
190.5332,178.38757,-999.25.00000,1.7086,-999.25
190.6856,183.53787,-999.25.00000,1.6607,-999.25
190.8380,188.17021,-999.25.00000,1.6198,-999.25
190.9904,190.89775,-999.25.00000,1.5967,-999.25
191.1428,192.28203,-999.25.00000,1.5852,-999.25
191.2952,192.10902,-999.25.00000,1.5866,-999.25
191.4476,189.90341,-999.25.00000,1.6050,-999.25
191.6000,186.57410,-999.25.00000,1.6337,-999.25
191.7524,185.92531,-999.25.00000,1.6394,-999.25
191.9048,188.47771,-999.25.00000,1.6172,-999.25
192.0572,187.51642,-999.25.00000,1.6255,-999.25
192.2096,187.86760,-999.25.00000,1.6224,-999.25
192.3620,191.80313,-999.25.00000,1.5891,-999.25
192.5144,196.01875,-999.25.00000,1.5550,-999.25
192.6668,197.98831,-999.25.00000,1.5395,-999.25
192.8192,197.97255,-999.25.00000,1.5396,-999.25
192.9716,195.94682,-999.25.00000,1.5555,-999.25
193.1240,191.04956,-999.25.00000,1.5954,-999.25
193.2764,188.44682,-999.25.00000,1.6174,-999.25
193.4288,191.92337,-999.25.00000,1.5881,-999.25
193.5812,198.57541,-999.25.00000,1.5349,-999.25
193.7336,201.56258,-999.25.00000,1.5122,-999.25
193.8860,201.36411,-999.25.00000,1.5137,-999.25
194.0384,200.88159,-999.25.00000,1.5173,-999.25
194.1908,199.09117,-999.25.00000,1.5310,-999.25
194.3432,193.58968,-999.25.00000,1.5745,-999.25
194.4956,184.95706,-999.25.00000,1.6480,-999.25
194.6480,178.94736,-999.25.00000,1.7033,-999.25
194.8004,174.27835,-999.25.00000,1.7489,-999.25
194.9528,172.89963,-999.25.00000,1.7629,-999.25
195.1052,175.41951,-999.25.00000,1.7375,-999.25
195.2576,176.78741,-999.25.00000,1.7241,-999.25
195.4100,177.98244,-999.25.00000,1.7125,-999.25
195.5624,177.95358,-999.25.00000,1.7128,-999.25
195.7148,178.15077,-999.25.00000,1.7109,-999.25
195.8672,178.93686,-999.25.00000,1.7034,-999.25
196.0196,181.88692,-999.25.00000,1.6758,-999.25
196.1720,189.12071,-999.25.00000,1.6117,-999.25
196.3244,194.97368,-999.25.00000,1.5633,-999.25

