#HOLE:,U1520A
#EXPEDITION:,372
#TOP:,33.3504
#BOTTOM:,96.1393
DEPTH_LSF,P16B,P16H,P16L,P22B,P22H,P22L,P28B,P28H,P28L,P34B,P34H,P34L,P40B,P40H,P40L
m,ohm.m,ohm.m,ohm.m,ohm.m,ohm.m,ohm.m,ohm.m,ohm.m,ohm.m,ohm.m,ohm.m,ohm.m,ohm.m,ohm.m,ohm.m
33.3504,1.07544,1.063999,1.076386,1.24652,1.356017,1.216281,1.355809,1.518968,1.289333,1.379905,1.56876,1.299215,1.464026,1.753648,1.324707
33.5028,1.01088,1.035419,1.010617,1.084746,1.099666,1.08337,1.119311,1.139178,1.116646,1.146966,1.153773,1.145758,1.206482,1.173771,1.215416
33.6552,1.010836,1.0354,1.010574,1.084636,1.099508,1.083285,1.119149,1.138954,1.116536,1.146806,1.15353,1.14566,1.206322,1.173448,1.215344
33.8076,1.010836,1.0354,1.010574,1.084636,1.099508,1.083285,1.119149,1.138954,1.116536,1.146806,1.15353,1.14566,1.206322,1.173448,1.215344
33.9600,1.010836,1.0354,1.010574,1.084636,1.099508,1.083285,1.119149,1.138954,1.116536,1.146806,1.15353,1.14566,1.206322,1.173448,1.215344
34.1124,1.010836,1.0354,1.010574,1.084636,1.099508,1.083285,1.119149,1.138954,1.116536,1.146806,1.15353,1.14566,1.206322,1.173448,1.215344
34.2648,1.010836,1.0354,1.010574,1.084636,1.099508,1.083285,1.119149,1.138954,1.116536,1.146806,1.15353,1.14566,1.206322,1.173448,1.215344
34.4172,1.010836,1.0354,1.010574,1.084636,1.099508,1.083285,1.119149,1.138954,1.116536,1.146806,1.15353,1.14566,1.206322,1.173448,1.215344
34.5696,1.010836,1.0354,1.010574,1.084636,1.099508,1.083285,1.119149,1.138954,1.116536,1.146806,1.15353,1.14566,1.206322,1.173448,1.215344
34.7220,1.010836,1.0354,1.010574,1.084636,1.099508,1.083285,1.119149,1.138954,1.116536,1.146806,1.15353,1.14566,1.206322,1.173448,1.215344
34.8744,1.010836,1.0354,1.010574,1.084636,1.099508,1.083285,1.119149,1.138954,1.116536,1.146806,1.15353,1.14566,1.206322,1.173448,1.215344
35.0268,1.010836,1.0354,1.010574,1.084636,1.099508,1.083285,1.119149,1.138954,1.116536,1.146806,1.15353,1.14566,1.206322,1.173448,1.215344
35.1792,1.010836,1.0354,1.010574,1.084636,1.099508,1.083285,1.119149,1.138954,1.116536,1.146806,1.15353,1.14566,1.206322,1.173448,1.215344
35.3316,1.010924,1.035456,1.010658,1.084695,1.099549,1.083344,1.119198,1.138987,1.116586,1.146845,1.153563,1.145698,1.206332,1.173478,1.215349
35.4840,1.169178,1.142455,1.174839,1.192298,1.176366,1.196186,1.208473,1.200778,1.210525,1.217125,1.21469,1.217801,1.225031,1.228915,1.22391
35.6364,1.166878,1.140667,1.172335,1.190375,1.16869,1.19565,1.209045,1.19133,1.213864,1.218448,1.203897,1.222615,1.222863,1.21248,1.225893
35.7888,1.160247,1.147372,1.16275,1.176164,1.194316,1.172384,1.194209,1.210962,1.190272,1.201252,1.200681,1.201396,1.196766,1.195982,1.196958
35.9412,1.160287,1.060859,1.18248,1.190761,1.129346,1.206769,1.21182,1.168206,1.224441,1.219641,1.18652,1.229506,1.225988,1.220827,1.227508
36.0936,1.170092,1.138878,1.176796,1.197084,1.174977,1.202704,1.216751,1.200298,1.221431,1.226217,1.210935,1.230803,1.232582,1.219004,1.236795
36.2460,1.158921,1.132622,1.164083,1.185437,1.170351,1.188952,1.202296,1.19498,1.204173,1.207938,1.203317,1.209161,1.211871,1.209978,1.212382
36.3984,1.170589,1.128434,1.179832,1.192016,1.171505,1.197049,1.208457,1.204004,1.209638,1.217474,1.216134,1.217847,1.224165,1.220186,1.225322
36.5508,1.171111,1.156351,1.174225,1.196527,1.181107,1.200392,1.209454,1.203114,1.211151,1.215379,1.224128,1.213011,1.226076,1.247868,1.219932
36.7032,1.145238,1.127645,1.148301,1.180858,1.169478,1.183414,1.197091,1.197705,1.19694,1.203087,1.207089,1.202073,1.217636,1.213059,1.218919
36.8556,1.161036,1.132311,1.166786,1.186655,1.173931,1.189632,1.205381,1.202259,1.206193,1.21458,1.215126,1.214431,1.221324,1.227758,1.219515
37.0080,1.134688,1.106194,1.139299,1.167079,1.146263,1.171384,1.190275,1.180177,1.192685,1.201354,1.197265,1.202392,1.209023,1.205043,1.210081
37.1604,1.140597,1.097559,1.148077,1.17231,1.147102,1.177759,1.195191,1.179428,1.19911,1.204925,1.193834,1.207834,1.210973,1.210563,1.211083
37.3128,1.135836,1.138887,1.135356,1.169237,1.189899,1.165148,1.191605,1.218046,1.185579,1.194968,1.229377,1.187051,1.190864,1.250028,1.178049
37.4652,1.103842,1.005959,1.116782,1.137941,1.063286,1.151241,1.165239,1.101771,1.179083,1.179345,1.121889,1.193095,1.188518,1.147411,1.198713
37.6176,1.145753,1.087845,1.156496,1.184249,1.152276,1.191838,1.20742,1.18133,1.214545,1.215149,1.193826,1.221205,1.225057,1.231435,1.223224
37.7700,1.140616,1.086958,1.150091,1.172775,1.123171,1.183957,1.192533,1.157004,1.201498,1.206059,1.176532,1.214103,1.224653,1.185055,1.236949
37.9224,1.168238,1.166014,1.16869,1.186716,1.203561,1.182945,1.205878,1.221635,1.201892,1.215618,1.220533,1.214278,1.216,1.221164,1.214589
38.0748,1.188386,1.164099,1.194241,1.21375,1.198707,1.217943,1.231572,1.223242,1.234118,1.241848,1.2383,1.242987,1.251992,1.255365,1.250862
38.2272,1.164026,1.111684,1.175139,1.185999,1.141262,1.196971,1.20733,1.171054,1.217407,1.22254,1.192778,1.231506,1.231693,1.20678,1.23954
38.3796,1.195558,1.158055,1.205243,1.217606,1.191014,1.225341,1.236245,1.220989,1.241091,1.246875,1.241204,1.248753,1.252585,1.255488,1.25161
38.5320,1.224739,1.20565,1.230456,1.245097,1.237063,1.247743,1.260098,1.264293,1.258635,1.265067,1.278021,1.260503,1.265042,1.283005,1.258772
38.6844,1.208084,1.187477,1.213684,1.234118,1.223638,1.23738,1.253313,1.252843,1.253472,1.262016,1.269248,1.259482,1.266813,1.280905,1.261815
38.8368,1.189222,1.151793,1.198491,1.215598,1.190952,1.222657,1.233122,1.216981,1.238168,1.240478,1.228878,1.244226,1.246576,1.241467,1.248263
38.9892,1.188226,1.154046,1.19659,1.216165,1.191553,1.223239,1.235105,1.220191,1.23981,1.244012,1.233168,1.24758,1.251564,1.240618,1.255317
39.1416,1.167349,1.119281,1.177739,1.201799,1.174189,1.209098,1.221728,1.204987,1.226634,1.229297,1.216406,1.233217,1.240099,1.236345,1.241293
39.2940,1.15209,1.087122,1.164921,1.180979,1.129417,1.193337,1.199666,1.158184,1.210741,1.210929,1.174072,1.221411,1.225209,1.193001,1.235109
39.4464,1.170196,1.110703,1.183573,1.196841,1.160649,1.206244,1.215455,1.195388,1.221153,1.222621,1.212038,1.225705,1.227036,1.228705,1.226547
39.5988,1.17287,1.130309,1.182363,1.189658,1.162752,1.196227,1.202529,1.185889,1.206869,1.210604,1.200369,1.21338,1.217857,1.216836,1.218142
39.7512,1.163934,1.132915,1.170301,1.189527,1.169538,1.194349,1.208731,1.197786,1.21167,1.21834,1.211955,1.220143,1.224525,1.221717,1.225341
39.9036,1.15446,1.115123,1.162068,1.181852,1.152473,1.188685,1.200785,1.181564,1.205765,1.209917,1.196464,1.213571,1.217424,1.206828,1.22042
40.0560,1.148301,1.119043,1.15361,1.176589,1.149365,1.182674,1.194397,1.174269,1.19941,1.200696,1.186499,1.204343,1.205146,1.192255,1.208542
40.2084,1.157916,1.130578,1.163249,1.187175,1.171757,1.190811,1.207635,1.203557,1.20871,1.21577,1.218101,1.215132,1.22024,1.226357,1.21853
40.3608,1.144615,1.097955,1.153046,1.174729,1.13136,1.184544,1.194564,1.158017,1.203926,1.204727,1.171929,1.213637,1.214749,1.180959,1.224532
40.5132,1.160025,1.121426,1.167809,1.182255,1.162,1.186911,1.201157,1.190205,1.203963,1.213236,1.205268,1.215424,1.222157,1.221533,1.222335
40.6656,1.181357,1.152347,1.188076,1.196144,1.182205,1.19962,1.207451,1.207581,1.207417,1.223478,1.230451,1.221493,1.247872,1.256651,1.245023
40.8180,1.150672,1.115203,1.157292,1.179454,1.16226,1.183313,1.1979,1.186917,1.200657,1.21791,1.211149,1.219815,1.252113,1.262507,1.248672
40.9704,1.128273,1.090193,1.134174,1.165344,1.142709,1.169979,1.191271,1.181255,1.193677,1.219593,1.217952,1.220056,1.264043,1.272546,1.261039
41.1228,0.9978309,0.9658076,0.9978313,1.122355,1.075151,1.129369,1.190362,1.14945,1.200629,1.253644,1.243308,1.257221,1.403351,1.435431,1.383401
41.2752,1.033372,0.9622794,1.036013,1.156659,1.139518,1.159884,1.239373,1.259934,1.233073,1.323665,1.388051,1.296473,1.527106,1.672216,1.421379
41.4276,0.7644091,0.6415266,0.7643849,0.9367356,0.7672527,0.9367225,1.038609,0.8613589,1.047388,1.108909,0.9755214,1.128539,1.278925,1.223571,1.302944
41.5800,0.5292413,0.3712216,0.5292294,0.6658006,0.4659646,0.6657878,0.7801054,0.5424583,0.7800969,0.8607409,0.6136355,0.8607365,0.9782664,0.7555655,0.9782718
41.7324,0.5938343,0.3933046,0.5938338,0.7787874,0.5365881,0.7787863,0.9153275,0.6503943,0.9153262,1.006032,0.7653447,1.007967,1.166619,1.066759,1.190046
41.8848,0.5057405,0.3131036,0.5057366,0.6388711,0.397543,0.6388686,0.7542584,0.4736117,0.7542563,0.8362706,0.5433331,0.8362682,0.9536608,0.6682138,0.9536649
42.0372,0.6058289,0.4282486,0.6058216,0.7267198,0.5128669,0.7267153,0.840928,0.603128,0.8409243,0.9346729,0.6859503,0.9346685,1.028036,0.7778358,1.037901
42.1896,0.5832165,0.3556799,0.5832163,0.69015,0.4334708,0.6901496,0.8345601,0.5622223,0.8345601,0.9711003,0.7077397,0.9711,1.040072,0.8109758,1.052857
42.3420,0.5527282,0.3513477,0.5527282,0.6506865,0.4210382,0.6506864,0.7722808,0.5288432,0.7722806,0.8787318,0.6404481,0.8787317,0.9511194,0.7157457,0.95112
42.4944,0.592255,0.3735,0.5922549,0.7118835,0.4670055,0.7118832,0.8551363,0.6005769,0.8551359,0.9856363,0.7399633,0.9856384,1.065256,0.8581188,1.084331
42.6468,0.6098398,0.3921974,0.6098387,0.7497873,0.5170288,0.7497857,0.8999739,0.6656897,0.8999715,1.025938,0.8080202,1.033497,1.137843,0.9827964,1.169477
42.7992,0.5666876,0.3640193,0.5666868,0.6909898,0.4530503,0.6909885,0.8242134,0.5700474,0.8242116,0.9452022,0.6980523,0.9452042,1.052281,0.8384772,1.067838
42.9516,0.5823739,0.3766516,0.5823739,0.7102239,0.475253,0.7102239,0.8494309,0.603395,0.8494307,0.9790056,0.7418169,0.9790055,1.085694,0.8969483,1.108716
43.1040,0.4136455,0.3259528,0.4136451,0.4712382,0.3256429,0.471238,0.5369987,0.3475856,0.5369984,0.5913552,0.3879845,0.5913547,0.6298993,0.4229048,0.6298993
43.2564,0.4599877,0.3227326,0.4599865,0.5057442,0.3460806,0.5057442,0.5823885,0.3962078,0.5823884,0.6498349,0.4374452,0.6498334,0.662265,0.4323888,0.662265
43.4088,0.4181788,0.3268765,0.4181775,0.5071982,0.3158259,0.5071981,0.5994164,0.3389743,0.5994162,0.7094299,0.3878587,0.7094282,0.872965,0.4230881,0.872965
43.5612,0.5191548,0.3499524,0.5191515,0.6399667,0.4103465,0.6399621,0.7506692,0.4827505,0.7506641,0.8651099,0.5931152,0.8651053,1.040548,0.7864423,1.055481
43.7136,0.4996779,0.4134389,0.4996771,0.5634298,0.4590802,0.563429,0.643534,0.5312513,0.6435332,0.716164,0.5888731,0.7161632,0.7663132,0.5976831,0.7663132
43.8660,0.6048977,0.5822508,0.6048933,0.6751558,0.6425042,0.6751521,0.7613367,0.68842,0.7613339,0.8401638,0.7011174,0.840162,0.8954356,0.7022784,0.8954356
44.0184,0.5026112,0.3498299,0.5026039,0.575777,0.3885386,0.575771,0.6683936,0.4554949,0.6683889,0.7619652,0.5432262,0.7619623,0.846706,0.6256618,0.846706
44.1708,0.6046793,0.7227369,0.6046754,0.6767283,0.756258,0.6767249,0.7481634,0.7984903,0.7481615,0.8158404,0.7977458,0.8158396,0.8891873,0.7482566,0.8891873
44.3232,0.7960608,0.6922014,0.7960597,0.8669848,0.782012,0.8669839,0.9466915,0.8669711,0.9466906,1.015963,0.9441007,1.017222,1.068203,1.038309,1.070469
44.4756,0.7002456,0.5427946,0.7002143,0.7473908,0.5739186,0.747357,0.8441845,0.6186709,0.8441588,0.9265816,0.6610478,0.9265639,0.9251813,0.6866396,0.925177
44.6280,1.132314,1.120595,1.134125,1.200396,1.221189,1.195342,1.233485,1.277045,1.221114,1.236722,1.287408,1.222238,1.250856,1.308528,1.233305
44.7804,1.093634,0.9933205,1.105458,1.135053,1.064708,1.147189,1.175036,1.150473,1.180441,1.210005,1.228994,1.205104,1.242548,1.288965,1.228778
44.9328,1.056537,0.9640439,1.062727,1.10595,1.027783,1.11623,1.151045,1.09664,1.161526,1.177118,1.141747,1.185155,1.187508,1.158404,1.194537
45.0852,1.039418,0.9434556,1.043815,1.097674,1.041132,1.104255,1.140171,1.094756,1.148064,1.160537,1.118923,1.168999,1.18152,1.171383,1.183803
45.2376,1.066101,0.9861318,1.072337,1.125205,1.080819,1.131953,1.165879,1.145645,1.170025,1.184227,1.178707,1.185484,1.204362,1.222531,1.199825
45.3900,1.069381,0.9323324,1.08155,1.123922,1.008251,1.143266,1.163268,1.070651,1.184178,1.183192,1.108242,1.202187,1.200931,1.139363,1.218106
45.5424,1.09367,0.9399832,1.11331,1.141228,1.037673,1.161117,1.18305,1.104573,1.203044,1.209658,1.154742,1.225662,1.234029,1.235407,1.233609
45.6948,1.068501,0.9822895,1.075546,1.110206,1.058923,1.117001,1.146221,1.121004,1.150696,1.1633,1.143791,1.167218,1.16884,1.147536,1.173305
45.8472,1.09701,1.011781,1.107246,1.153328,1.106888,1.162323,1.191711,1.167136,1.197766,1.212626,1.195881,1.217271,1.240409,1.241416,1.240087
45.9996,1.042038,0.9071295,1.048983,1.096727,0.9804062,1.111289,1.138049,1.035608,1.157144,1.159284,1.068543,1.179073,1.1763,1.103912,1.193684
46.1520,1.09742,1.022293,1.106359,1.148473,1.096377,1.158266,1.187211,1.159963,1.193756,1.208139,1.199985,1.210308,1.225813,1.233398,1.223627
46.3044,1.082455,0.9982961,1.090867,1.139031,1.086607,1.148149,1.182077,1.152693,1.188921,1.204465,1.190977,1.208007,1.224446,1.234777,1.221506
46.4568,1.058776,0.9463871,1.066825,1.117606,1.03941,1.129209,1.160172,1.10663,1.171235,1.180033,1.138951,1.189647,1.198227,1.172111,1.20496
46.6092,1.048714,0.9492927,1.054437,1.103451,1.032092,1.112494,1.142939,1.096954,1.151123,1.165348,1.133818,1.171891,1.189231,1.167896,1.194379
46.7616,1.014576,0.89357,1.01662,1.066056,0.9544923,1.075115,1.103848,1.004259,1.117049,1.137442,1.049552,1.153362,1.183925,1.110576,1.202557
46.9140,1.015654,0.9050565,1.01764,1.077104,0.9758257,1.08672,1.122425,1.040295,1.135272,1.156004,1.094233,1.168524,1.196954,1.150945,1.20912
47.0664,0.964959,0.8982009,0.9649587,1.050974,0.9995031,1.053906,1.106936,1.070512,1.111507,1.147906,1.123836,1.152227,1.211398,1.206418,1.212743
47.2188,0.9075393,0.818354,0.9075388,1.008891,0.9063226,1.00992,1.061591,0.9762239,1.067799,1.096723,1.037855,1.103519,1.161673,1.128607,1.168367
47.3712,0.8673867,0.7593021,0.8673861,0.9654142,0.8534284,0.9654142,1.021791,0.9196942,1.024337,1.054328,0.9737096,1.05942,1.112764,1.066041,1.119079
47.5236,0.851247,0.7158337,0.851247,0.9090546,0.7556255,0.9090541,0.9635247,0.7999262,0.9635249,1.005966,0.8350238,1.007205,1.035713,0.8579715,1.043864
47.6760,0.8126578,0.709866,0.8126575,0.8862945,0.7638628,0.8862942,0.9262112,0.8018513,0.9262111,0.9534215,0.8282,0.9534221,1.007308,0.8662848,1.00852
47.8284,0.8836147,0.6908191,0.8836142,0.9515864,0.7322098,0.9515861,1.008117,0.7861252,1.010462,1.040743,0.8448528,1.051344,1.070406,0.8983765,1.086746
47.9808,0.9269183,0.8700555,0.9269176,0.9830211,0.9077927,0.9830207,1.038022,0.9382446,1.04244,1.075938,0.9442043,1.088767,1.095359,0.9346706,1.11656
48.1332,0.9595255,0.8877926,0.9595253,1.006596,0.9405457,1.007066,1.044486,0.981822,1.047619,1.073533,1.005356,1.079414,1.098842,1.026353,1.107581
48.2856,1.0496,0.962993,1.054603,1.072463,1.011401,1.0776,1.11172,1.057548,1.11904,1.138418,1.065626,1.151405,1.135914,1.038695,1.153551
48.4380,0.9895554,0.8698207,0.9895568,1.02723,0.9136766,1.030841,1.063041,0.9510605,1.071685,1.086089,0.9745674,1.098235,1.096579,0.993189,1.109258
48.5904,1.062402,0.9624931,1.069912,1.104261,1.031156,1.113633,1.141252,1.090474,1.150229,1.163628,1.129903,1.170563,1.177589,1.163255,1.180751
48.7428,1.058331,0.9705233,1.064373,1.088128,1.022872,1.094976,1.127091,1.069371,1.136192,1.155761,1.098175,1.167334,1.165298,1.116941,1.175598
48.8952,1.035782,0.9402301,1.039736,1.082005,1.007312,1.089332,1.127091,1.063886,1.137136,1.15918,1.10422,1.170475,1.181064,1.142885,1.190021
49.0476,1.046527,0.9369799,1.05261,1.100304,1.011935,1.11138,1.144957,1.080499,1.156958,1.180905,1.137477,1.191169,1.220375,1.195318,1.227765
49.2000,1.02309,0.8961744,1.026554,1.090884,0.9991704,1.10121,1.136958,1.074282,1.147829,1.163243,1.1103,1.174427,1.197764,1.146452,1.211529
49.3524,0.9531755,0.8125324,0.953176,1.042592,0.9298378,1.048315,1.093226,1.003076,1.103649,1.115802,1.037006,1.127293,1.153126,1.101681,1.163155
49.5048,1.000801,0.8563779,1.000938,1.087318,0.9950285,1.097261,1.145254,1.091456,1.155132,1.174652,1.14742,1.180655,1.221782,1.234847,1.218135
49.6572,0.9321362,0.7608691,0.9321361,1.020453,0.8644245,1.024346,1.071865,0.9389372,1.084065,1.097645,0.9798226,1.112594,1.129287,1.036468,1.145032
49.8096,0.9095162,0.7230712,0.9095154,0.9920319,0.8119558,0.9920331,1.043196,0.884088,1.051903,1.071655,0.9251862,1.085313,1.09862,0.9666818,1.115917
49.9620,0.9618993,0.8378459,0.9618981,1.033019,0.9436168,1.036392,1.085349,1.033001,1.090556,1.11509,1.081065,1.119712,1.141015,1.119336,1.144677
50.1144,1.008023,0.8679035,1.009347,1.068662,0.9677445,1.077092,1.122444,1.059059,1.132091,1.160423,1.131254,1.166238,1.195883,1.207186,1.193176
50.2668,0.9570258,0.7868894,0.9570258,1.031568,0.878824,1.037523,1.090409,0.9778923,1.103383,1.12408,1.039079,1.137647,1.140816,1.063469,1.155004
50.4192,0.9624721,0.774995,0.9624721,1.035865,0.8730974,1.043218,1.095107,0.9724572,1.110314,1.129732,1.028456,1.147215,1.148182,1.050811,1.167817
50.5716,0.952197,0.7809262,0.9521976,1.012716,0.8617075,1.015018,1.059609,0.9378325,1.068574,1.09306,0.9814628,1.106337,1.118286,1.005133,1.136111
50.7240,1.01539,0.8564396,1.018366,1.050549,0.9081526,1.059568,1.091103,0.9766425,1.104452,1.141308,1.05135,1.158214,1.196771,1.119901,1.218227
50.8764,1.004825,0.8757958,1.005544,1.057173,0.9382014,1.065514,1.100188,1.006764,1.111967,1.141149,1.076024,1.152904,1.192623,1.148389,1.203956
51.0288,0.9874318,0.8449147,0.9874313,1.077985,0.9864243,1.086674,1.151075,1.101416,1.160575,1.19802,1.174479,1.204055,1.251318,1.261079,1.248096
51.1812,0.9307165,0.7572065,0.9307148,1.064828,0.9531366,1.073712,1.154613,1.110869,1.163123,1.198043,1.19135,1.199693,1.264962,1.300139,1.253024
51.3336,0.8610093,0.6649477,0.8610076,0.9777092,0.7865631,0.977712,1.049412,0.873749,1.060763,1.085111,0.919748,1.104363,1.127595,0.9920554,1.151844
51.4860,0.8969162,0.689377,0.896916,0.9985069,0.8070022,0.9985068,1.062093,0.9156817,1.07375,1.100834,0.9804688,1.116743,1.137597,1.033303,1.157024
51.6384,0.9504029,0.7638355,0.9504028,1.046361,0.9140427,1.053899,1.134103,1.066177,1.145687,1.184608,1.146659,1.193725,1.204819,1.179922,1.211496
51.7908,1.006206,0.8361767,1.007488,1.075927,0.9632998,1.086604,1.159168,1.104083,1.170488,1.215837,1.189747,1.223337,1.233007,1.214391,1.238847
51.9432,1.046036,0.9147801,1.053445,1.116085,1.034428,1.128078,1.20442,1.193088,1.207382,1.271727,1.307181,1.25931,1.291635,1.329154,1.27724
52.0956,0.9977112,0.8494849,0.9977134,1.071749,0.9717446,1.080504,1.155059,1.112883,1.163288,1.216175,1.202734,1.219963,1.244357,1.22583,1.250549
52.2480,1.023479,0.8492092,1.028612,1.108096,0.9897133,1.12501,1.201878,1.153107,1.215256,1.265279,1.263629,1.265876,1.289913,1.303306,1.284585
52.4004,0.9189607,0.7121918,0.9189521,1.004868,0.811711,1.00605,1.068033,0.9091325,1.082276,1.107008,0.9696851,1.126968,1.128754,1.009483,1.149749
52.5528,0.72378,0.5594584,0.7237531,0.8166031,0.5977245,0.8165892,0.8777922,0.6199619,0.8777844,0.9133466,0.6388602,0.9133391,0.9682539,0.6765417,0.9682615
52.7052,0.9813267,0.8255841,0.9813057,1.024187,0.8760856,1.02854,1.074963,0.9636561,1.085336,1.116619,1.03861,1.128047,1.131126,1.056471,1.143623
52.8576,1.022577,0.938508,1.024706,1.025479,0.9112597,1.028875,1.058732,0.9578233,1.065845,1.087606,0.998108,1.097247,1.075306,0.9486729,1.08744
53.0100,1.117292,1.133403,1.11519,1.135762,1.16343,1.131566,1.197052,1.259497,1.183055,1.258327,1.348234,1.231272,1.262203,1.346039,1.236264
53.1624,1.028453,0.917899,1.032119,1.051639,0.9353679,1.058915,1.100586,1.014973,1.111306,1.148901,1.094224,1.159256,1.159676,1.09692,1.172784
53.3148,1.066262,1.012262,1.070346,1.092419,1.059531,1.095905,1.142632,1.138808,1.143269,1.178988,1.192713,1.176053,1.171531,1.182934,1.169209
53.4672,1.043147,0.9888118,1.045753,1.094934,1.027642,1.10263,1.134122,1.055489,1.147755,1.160045,1.074956,1.178538,1.184557,1.099266,1.206794
53.6196,1.104586,1.020435,1.115583,1.150487,1.089819,1.162235,1.203756,1.188052,1.207876,1.247163,1.282473,1.23624,1.2704,1.342669,1.246727
53.7720,1.04726,0.9188952,1.054683,1.096039,0.994928,1.108319,1.128452,1.049276,1.1415,1.144631,1.079018,1.156833,1.163646,1.111931,1.174582
53.9244,1.104682,1.02733,1.114699,1.155837,1.115182,1.163795,1.18635,1.168899,1.19045,1.196739,1.191497,1.19803,1.212213,1.228053,1.208049
54.0768,1.103187,1.026138,1.113004,1.132166,1.07402,1.14177,1.161018,1.12789,1.167692,1.179714,1.164652,1.183089,1.187596,1.178941,1.189622
54.2292,1.075115,1.046515,1.077518,1.122316,1.091638,1.12677,1.151079,1.12892,1.155148,1.163598,1.153448,1.165612,1.177897,1.17561,1.178393
54.3816,1.121238,1.077448,1.127642,1.152206,1.118688,1.158518,1.177526,1.157843,1.181902,1.19423,1.189241,1.195442,1.207808,1.21688,1.205463
54.5340,1.072099,0.907144,1.08802,1.117119,0.9934809,1.136698,1.150968,1.064115,1.168579,1.173373,1.111208,1.187743,1.199533,1.158526,1.210465
54.6864,1.071957,0.9953656,1.078481,1.115076,1.082109,1.119553,1.146764,1.139344,1.148054,1.169237,1.173223,1.16843,1.198925,1.225378,1.192615
54.8388,1.056453,0.9567661,1.063176,1.112336,1.053114,1.120446,1.153569,1.124467,1.159074,1.182319,1.169281,1.185284,1.219729,1.225398,1.218148
54.9912,1.045738,0.9600161,1.050275,1.101069,1.056383,1.106387,1.142427,1.121936,1.145926,1.173944,1.166597,1.175507,1.217439,1.236331,1.212346
55.1436,0.9204561,0.7966627,0.920455,1.015996,0.9105443,1.01792,1.074778,0.9943445,1.081957,1.126983,1.05885,1.137873,1.214179,1.166207,1.228357
55.2960,0.8644958,0.7693827,0.8644947,1.02196,0.9336413,1.024145,1.112679,1.066652,1.118888,1.205049,1.206671,1.204624,1.428326,1.482427,1.393234
55.4484,0.6424946,0.4961105,0.6424865,0.8164006,0.6588797,0.8163954,0.927336,0.7702111,0.9273331,1.022936,0.9014116,1.026196,1.280281,1.30243,1.272003
55.6008,0.6019951,0.4639548,0.6019947,0.7411888,0.5774736,0.7411883,0.8409154,0.6613775,0.8409148,0.9390395,0.763983,0.9390388,1.122372,1.019332,1.139005
55.7532,0.5386861,0.4546369,0.5386787,0.6575287,0.509484,0.6575189,0.7508406,0.5549169,0.7508307,0.8391619,0.6278585,0.8391527,1.002029,0.7742977,1.002662
55.9056,0.4207181,0.3104963,0.4207076,0.5081788,0.3210639,0.508165,0.5890937,0.3421255,0.5890797,0.6728547,0.3901783,0.6728415,0.7963159,0.4672552,0.7963163
56.0580,0.4184808,0.3179135,0.4184808,0.504692,0.3350238,0.504692,0.5844072,0.3598344,0.5844072,0.6597931,0.4039316,0.659793,0.7617193,0.4688837,0.7617193
56.2104,0.4204058,0.2989741,0.4204058,0.4734729,0.3049763,0.473473,0.5467572,0.3334028,0.5467572,0.6198725,0.3679984,0.6198725,0.6711366,0.3799162,0.6711366
56.3628,0.4789866,0.3770095,0.4789813,0.5425678,0.3957637,0.542565,0.6268264,0.431917,0.6268235,0.7071366,0.4643574,0.7071335,0.7601382,0.4715537,0.7601382
56.5152,0.6076086,0.4463165,0.6075969,0.6392367,0.4804158,0.6392258,0.7323402,0.5654842,0.7323281,0.8233908,0.6447452,0.823378,0.8260317,0.6402184,0.8260317
56.6676,0.7580917,0.6109131,0.7580831,0.7873061,0.6587825,0.7872981,0.8993011,0.7908148,0.8992922,1.008942,0.9224372,1.009795,0.9989175,0.9183254,0.9989175
56.8200,0.8347694,0.75873,0.834769,0.899078,0.8215362,0.899077,0.9822924,0.8789867,0.9822919,1.040714,0.929648,1.04608,1.064456,0.9877262,1.070253
56.9724,0.8503793,0.6963875,0.8503793,0.8981168,0.7485414,0.8981167,0.9778293,0.8062316,0.9778292,1.04291,0.8636637,1.052927,1.07245,0.921134,1.086839
57.1248,0.8633108,0.7699908,0.8633088,0.9154481,0.8287024,0.9154459,0.9924071,0.8879793,0.9924102,1.049772,0.933329,1.056779,1.072492,0.9687753,1.08172
57.2772,0.9399253,0.8137888,0.9399232,1.0096,0.903918,1.010751,1.071683,0.9716213,1.080434,1.116172,1.016181,1.13128,1.147614,1.075266,1.161552
57.4296,0.9626192,0.8043368,0.9626192,1.058123,0.9481636,1.065878,1.110188,1.039248,1.119847,1.129387,1.086742,1.136106,1.171823,1.182921,1.169557
57.5820,0.9621608,0.7658453,0.9621608,1.059965,0.9005359,1.07241,1.11524,0.9895909,1.13482,1.136507,1.035977,1.154939,1.175586,1.123394,1.187641
57.7344,0.9910761,0.8360389,0.9910761,1.065655,0.9398732,1.076001,1.116094,1.01984,1.130546,1.147804,1.069132,1.163141,1.192191,1.130355,1.208478
57.8868,0.9849675,0.8221271,0.9849675,1.045045,0.9108895,1.052475,1.092276,0.9937761,1.103668,1.129547,1.058749,1.141186,1.172533,1.12662,1.182804
58.0392,0.9253876,0.7849637,0.925387,1.015509,0.8816611,1.017957,1.081383,0.9806419,1.091533,1.127858,1.042802,1.141926,1.168875,1.07726,1.190425
58.1917,0.9075793,0.7274032,0.9075792,1.005984,0.82634,1.007307,1.068884,0.9295387,1.081199,1.116086,1.008943,1.132442,1.168921,1.074003,1.191386
58.3441,0.9091333,0.8614497,0.9091333,0.9862503,0.927987,0.9862502,1.048335,0.9872897,1.05166,1.092577,1.031714,1.099286,1.132356,1.076082,1.141642
58.4965,0.9170839,0.7722037,0.9170827,0.9992817,0.8558342,0.9992805,1.04529,0.944284,1.050677,1.076448,1.021363,1.08132,1.119691,1.09308,1.123431
58.6489,0.8645539,0.6592578,0.8645532,0.9411894,0.7223589,0.9411886,1.011463,0.7861679,1.014858,1.04884,0.8411624,1.062739,1.073144,0.8932794,1.091188
58.8013,1.142704,1.107663,1.148821,1.164223,1.195297,1.158364,1.228078,1.319596,1.204529,1.278327,1.415694,1.235899,1.261338,1.440447,1.212885
58.9537,0.9663173,0.8234652,0.9663173,1.017291,0.8740204,1.020253,1.075693,0.956785,1.087028,1.120625,1.025863,1.135475,1.132158,1.043031,1.14759
59.1061,0.978198,0.8493609,0.9781973,1.029743,0.910332,1.033924,1.083118,0.9866005,1.093004,1.11951,1.046347,1.130479,1.131235,1.076082,1.140224
59.2585,1.111402,1.050657,1.119647,1.147047,1.129295,1.150169,1.201191,1.19514,1.202714,1.242125,1.232911,1.245103,1.254187,1.262208,1.251484
59.4109,1.092634,1.013632,1.101564,1.160835,1.09832,1.174005,1.212454,1.16144,1.227476,1.244048,1.208126,1.256436,1.27813,1.272222,1.280433
59.5633,1.124206,1.035534,1.138456,1.184613,1.113943,1.202565,1.234038,1.192541,1.247702,1.26886,1.256524,1.273504,1.30288,1.312498,1.298782
59.7157,1.141966,1.042996,1.160951,1.192658,1.132856,1.208402,1.235363,1.202616,1.24605,1.264861,1.248706,1.270861,1.29474,1.302629,1.291494
59.8681,1.131213,1.017019,1.151622,1.202426,1.134231,1.221871,1.261942,1.239359,1.270306,1.29757,1.304738,1.294575,1.329691,1.358095,1.316535
60.0205,1.003476,0.8213091,1.004248,1.086857,0.9199742,1.106805,1.147596,0.9903761,1.182742,1.175009,1.023422,1.21701,1.198816,1.063849,1.241865
60.1729,1.017363,0.8440408,1.021099,1.046182,0.8656054,1.057122,1.078196,0.9056522,1.096659,1.099926,0.9340267,1.123246,1.105171,0.9297549,1.1318
60.3253,0.9219667,0.6861576,0.9219624,0.9943289,0.7367854,0.9943269,1.034384,0.7790002,1.046943,1.056372,0.809002,1.076982,1.076515,0.8403702,1.103873
60.4777,1.111566,1.059394,1.118585,1.15671,1.117502,1.164424,1.197855,1.185267,1.201021,1.223466,1.2226,1.223714,1.235684,1.219856,1.2407
60.6301,1.100791,1.020164,1.110842,1.136512,1.050516,1.151916,1.17357,1.097592,1.191574,1.19653,1.125512,1.216108,1.200673,1.115571,1.225441
60.7825,1.140905,1.029889,1.162435,1.156794,1.056891,1.178501,1.19073,1.115208,1.210916,1.230203,1.169556,1.250469,1.25263,1.183506,1.279437
60.9349,1.078145,1.031268,1.08235,1.144014,1.103109,1.151306,1.189931,1.149768,1.199968,1.225777,1.197437,1.234456,1.278779,1.284777,1.276484
61.0873,1.138391,1.134534,1.139014,1.195433,1.198183,1.194764,1.230909,1.239629,1.228326,1.281083,1.311755,1.26975,1.38346,1.458151,1.34424
61.2397,1.124485,1.04457,1.137191,1.142018,1.07988,1.153262,1.176802,1.138176,1.185602,1.225444,1.203676,1.232017,1.269232,1.252413,1.275623
61.3921,0.9213912,0.7782366,0.921389,1.035438,0.9287038,1.039867,1.105355,1.031481,1.114948,1.147322,1.089334,1.15822,1.217433,1.196552,1.223441
61.5445,0.8742903,0.7319022,0.8742881,0.9925284,0.8452105,0.9925274,1.054553,0.9234139,1.063434,1.099969,0.9814612,1.115432,1.18477,1.087121,1.210862
61.6969,0.7135025,0.5079008,0.7134996,0.8704036,0.668094,0.8704023,0.979072,0.7800388,0.9790744,1.026551,0.8301812,1.033319,1.101758,0.9447195,1.123984
61.8493,0.8080301,0.6056321,0.8080257,0.9394265,0.7366935,0.9394246,1.02539,0.8327998,1.031696,1.068846,0.8873936,1.085895,1.13322,0.9776568,1.163662
62.0017,0.8110805,0.8655244,0.8110805,0.9263428,1.033653,0.9263428,0.9928523,1.111867,0.9928542,1.032885,1.133815,1.029792,1.118055,1.233503,1.104577
62.1541,0.6449373,0.4420418,0.6449373,0.765538,0.5429169,0.7655379,0.8697502,0.6299484,0.8697501,0.9435617,0.6947439,0.9435617,1.019631,0.7876462,1.025766
62.3065,0.7130224,0.5352084,0.7130218,0.8156993,0.6367161,0.8156984,0.9287347,0.7565174,0.9287335,1.015801,0.8560629,1.018877,1.069925,0.9336147,1.082119
62.4589,0.6691627,0.4652733,0.6691621,0.7524801,0.5551301,0.7524787,0.8545313,0.6506436,0.8545293,0.9386452,0.7223388,0.9386445,0.9835789,0.7826127,0.983583
62.6113,0.703797,0.5038175,0.7037966,0.8062519,0.6222544,0.8062509,0.92529,0.753934,0.9252886,1.009612,0.8521065,1.011438,1.044017,0.9332919,1.049821
62.7637,0.8584836,0.6546317,0.8584818,0.9315553,0.7774715,0.9315543,1.012805,0.9072924,1.01434,1.067132,1.004362,1.072001,1.094858,1.084032,1.096007
62.9161,0.9392439,0.8447428,0.9392435,0.9991155,0.9753706,0.9991165,1.075356,1.105843,1.072958,1.127446,1.198043,1.118001,1.131229,1.269233,1.113553
63.0685,1.0268,0.936987,1.029532,1.063612,0.9805163,1.069851,1.106387,1.043159,1.114567,1.139938,1.101005,1.146627,1.155549,1.132827,1.159872
63.2209,0.9986897,0.8440625,0.9986911,1.038173,0.8964156,1.044824,1.09239,0.9847691,1.105018,1.137586,1.064176,1.150602,1.152463,1.093493,1.164034
63.3733,1.088461,0.9899123,1.099326,1.126489,1.047134,1.139333,1.179999,1.130605,1.191711,1.219013,1.192386,1.226822,1.222976,1.201415,1.229393
63.5257,1.088174,0.9878491,1.099225,1.125349,1.049613,1.137413,1.169871,1.127596,1.179094,1.202466,1.179574,1.208496,1.213131,1.18762,1.22034
63.6781,1.147321,1.05857,1.16484,1.190255,1.137576,1.203736,1.233702,1.218196,1.238561,1.263963,1.266291,1.263131,1.281193,1.28398,1.280109
63.8305,1.116645,1.115159,1.116845,1.151386,1.160419,1.149797,1.187382,1.211152,1.182091,1.228174,1.244532,1.223467,1.269554,1.255368,1.274932
63.9829,1.055831,0.9785901,1.060831,1.106772,1.039607,1.115545,1.143666,1.095322,1.152353,1.187262,1.145117,1.197643,1.253247,1.199836,1.273339
64.1353,0.9808182,0.8996003,0.9808177,1.057117,0.9836302,1.061972,1.105406,1.050694,1.112329,1.178334,1.13715,1.18786,1.321783,1.286616,1.339889
64.2877,0.743109,0.7236893,0.7431038,0.837407,0.7963768,0.8374028,0.901803,0.851316,0.901799,0.9741626,0.8472983,0.9741593,1.076357,0.8123394,1.108488
64.4401,0.6104321,0.6168469,0.6104317,0.7091513,0.6332942,0.7091513,0.7729804,0.6483743,0.7729804,0.8488805,0.6998941,0.8488805,1.00981,0.8040531,1.012403
64.5925,0.6350419,0.7045741,0.6350417,0.7139384,0.7484494,0.7139383,0.7792124,0.7720854,0.7792124,0.8454341,0.7473183,0.845434,0.9409597,0.7013197,0.9409608
64.7449,0.4993986,0.4959062,0.499397,0.5509497,0.5020932,0.5509475,0.6129543,0.5060819,0.6129522,0.6775432,0.4931628,0.6775413,0.7377557,0.4669594,0.7377557
64.8973,0.4268316,0.3906696,0.4268214,0.5085776,0.383743,0.5085694,0.5758431,0.3825358,0.5758359,0.647576,0.4016376,0.6475698,0.7695926,0.4391075,0.7695926
65.0497,0.6351995,0.6091822,0.6351554,0.7075602,0.6242956,0.7075153,0.7720266,0.6217756,0.7719835,0.837436,0.579085,0.8373966,0.9219021,0.5210875,0.9219021
65.2021,0.3824262,0.3403611,0.382391,0.4362164,0.3259743,0.4361803,0.491563,0.324034,0.4915279,0.5546663,0.3252336,0.5546338,0.6442111,0.3174353,0.6442111
65.3545,0.4699836,0.3845347,0.4699815,0.505031,0.3938677,0.5050299,0.5767291,0.4083766,0.5767275,0.6506732,0.4154213,0.6506714,0.6731955,0.4094253,0.6731955
65.5069,0.4389578,0.378164,0.4389483,0.4685832,0.3826987,0.4685748,0.5351948,0.3986044,0.5351866,0.6020085,0.4088567,0.6020007,0.6177382,0.4006813,0.6177382
65.6593,0.7274595,0.7267588,0.7274529,0.7457316,0.7519937,0.7457256,0.8225635,0.7697038,0.8225573,0.8993794,0.7728401,0.8993769,0.8979278,0.7701129,0.8979304
65.8117,0.8730359,0.8467518,0.8730261,0.8852578,0.8790748,0.885249,0.971922,0.9094293,0.9719128,1.04841,0.921034,1.055963,1.039961,0.9167523,1.045899
65.9641,0.9411131,0.9978672,0.9411122,0.9688093,1.047223,0.968808,1.032534,1.065847,1.03145,1.080636,1.05866,1.082613,1.079888,1.059562,1.081695
66.1165,1.068377,1.055271,1.069353,1.090936,1.102626,1.089783,1.133516,1.128463,1.1343,1.161983,1.12814,1.168859,1.159441,1.125934,1.166116
66.2689,1.12043,1.104668,1.122634,1.152035,1.162518,1.150184,1.182406,1.205563,1.177412,1.200552,1.22741,1.194084,1.208697,1.246584,1.19927
66.4213,1.198287,1.145415,1.212559,1.218768,1.189456,1.227396,1.230294,1.227514,1.23113,1.239231,1.248132,1.236474,1.254744,1.258802,1.253367
66.5737,1.176175,1.122863,1.188564,1.204724,1.161095,1.216801,1.217055,1.188056,1.225498,1.226572,1.21097,1.231266,1.249965,1.243708,1.252074
66.7261,1.178095,1.16437,1.181131,1.206932,1.189533,1.211601,1.226009,1.215965,1.228992,1.275976,1.281422,1.273921,1.37544,1.395846,1.363771
66.8785,1.094937,1.095817,1.094832,1.183317,1.16455,1.187645,1.233957,1.219897,1.238354,1.307529,1.335909,1.295615,1.478432,1.568996,1.414356
67.0309,0.8432676,0.7661226,0.8432665,1.038989,0.9489793,1.043037,1.144058,1.066613,1.158663,1.227011,1.202726,1.234448,1.480765,1.569245,1.417383
67.1833,0.7920008,0.7005119,0.7919999,0.9815924,0.8895949,0.9815937,1.086627,1.016445,1.093899,1.155587,1.144843,1.157597,1.362045,1.493693,1.30443
67.3357,0.7042158,0.5806475,0.7042147,0.8473245,0.6716157,0.8473223,0.948226,0.7309502,0.9482254,1.011294,0.8029152,1.014311,1.106284,0.9681883,1.126217
67.4881,0.6608084,0.4160275,0.6608084,0.74427,0.4564184,0.7442699,0.8414727,0.5095395,0.8414726,0.9243358,0.5725695,0.9243357,0.9796234,0.6405014,0.9796239
67.6405,0.6914786,0.5411088,0.6914786,0.7829911,0.5808769,0.7829909,0.8809152,0.6257133,0.8809148,0.9582689,0.6784191,0.9582685,1.010149,0.7406239,1.013973
67.7929,0.686094,0.5160652,0.686094,0.7575164,0.5475138,0.7575161,0.8464981,0.6202934,0.8464976,0.9229264,0.7001535,0.9229259,0.9669259,0.7311834,0.9669285
67.9453,0.7681184,0.6049534,0.7681167,0.8749909,0.6534785,0.8749879,0.9861739,0.706556,0.9861701,1.050976,0.7673391,1.073478,1.101491,0.8414755,1.145924
68.0977,1.03723,0.9887866,1.039207,1.096524,1.091901,1.097021,1.213701,1.251969,1.203899,1.322896,1.389044,1.295192,1.344517,1.430421,1.306543
68.2501,1.024143,0.9683071,1.02561,1.091426,1.09164,1.091402,1.200257,1.235171,1.191957,1.292761,1.341539,1.274315,1.323765,1.396578,1.293511
68.4025,0.9775093,0.8209931,0.9775071,1.036332,0.9254726,1.041081,1.121082,1.052147,1.131515,1.198165,1.158427,1.208628,1.235284,1.229405,1.237103
68.5549,0.9051176,0.7502061,0.9051163,0.9839754,0.8447198,0.9839768,1.048333,0.9256136,1.055548,1.099057,0.9898779,1.112953,1.149034,1.069747,1.164659
68.7073,0.8703415,0.6686558,0.8703414,0.9795712,0.7761385,0.9795712,1.040545,0.8596388,1.050082,1.08097,0.9296929,1.09727,1.149344,1.043914,1.171108
68.8597,0.8930503,0.7501274,0.8930491,1.008535,0.8818523,1.009788,1.072958,0.9776717,1.081402,1.12021,1.051654,1.130499,1.208124,1.186189,1.2141
69.0121,0.8048195,0.6549826,0.8048104,0.9515075,0.7985301,0.9515007,1.044304,0.9075013,1.051775,1.103125,0.9966982,1.117256,1.211505,1.163186,1.225577
69.1645,0.663775,0.4953475,0.6637672,0.8161697,0.6327795,0.8161638,0.9318985,0.7547114,0.9318988,1.016202,0.8645938,1.019159,1.1483,1.062995,1.165177
69.3169,0.6410139,0.4422333,0.6410138,0.8108432,0.5890742,0.8108432,0.9400306,0.7181358,0.9400306,1.027031,0.8353108,1.033722,1.175353,1.076088,1.2002
69.4693,0.5600033,0.3615753,0.5600033,0.7064854,0.4734894,0.7064853,0.8246778,0.5760817,0.8246777,0.9226981,0.6841267,0.922698,1.070522,0.9017881,1.086499
69.6217,0.5630313,0.388948,0.56303,0.6876392,0.4867625,0.6876369,0.7942222,0.5835841,0.7942198,0.8892476,0.6780256,0.8892461,1.025736,0.8198662,1.032695
69.7741,0.5112134,0.3803483,0.5112117,0.6127439,0.4276194,0.6127409,0.7123893,0.4893817,0.7123863,0.8197291,0.5920794,0.8197272,0.9862987,0.7637292,0.9863034
69.9265,0.4778058,0.3346898,0.4778054,0.5763037,0.3689214,0.5763033,0.6754585,0.4198997,0.6754582,0.7850636,0.5109745,0.7850633,0.9535275,0.656792,0.9535275
70.0789,0.4343385,0.3243699,0.4343385,0.5199198,0.3328181,0.5199198,0.6105061,0.3682624,0.6105061,0.7218421,0.4561808,0.721842,0.8867702,0.5962311,0.8867702
70.2313,0.4119817,0.3150617,0.4119814,0.4931822,0.3134539,0.4931817,0.5813487,0.3436716,0.5813482,0.6885509,0.4246946,0.6885502,0.8389197,0.5424859,0.8389197
70.3837,0.3878085,0.3013299,0.3878085,0.4606504,0.2976477,0.4606504,0.5447947,0.3247121,0.5447947,0.6395736,0.3881851,0.6395735,0.7575687,0.4613208,0.7575687
70.5361,0.3920106,0.3002344,0.3920106,0.4573919,0.3001591,0.4573919,0.5381181,0.3283528,0.5381181,0.6261234,0.3789621,0.6261233,0.7202148,0.419219,0.7202148
70.6885,0.459888,0.3455175,0.4598875,0.511553,0.3581378,0.5115527,0.5930506,0.3988509,0.5930504,0.6832344,0.4374425,0.6832342,0.7420238,0.4358543,0.7420238
70.8409,0.4868729,0.4060874,0.4868725,0.5378846,0.4270668,0.5378845,0.6211562,0.4762088,0.6211562,0.7056839,0.5182745,0.7056839,0.747487,0.5162719,0.747487
70.9933,0.5232069,0.462434,0.5231791,0.5539083,0.4761683,0.5538817,0.6306533,0.5175807,0.6306249,0.7063996,0.5535801,0.7063683,0.7152189,0.5494529,0.71522
71.1457,0.7641594,0.6302337,0.7641311,0.7950376,0.6599036,0.7950106,0.8954593,0.7417281,0.8954306,1.001297,0.8315614,1.001566,1.012678,0.8593704,1.015051
71.2981,0.8079543,0.741351,0.807954,0.8506725,0.7967871,0.8506721,0.9433626,0.8613589,0.9433624,1.025673,0.9143194,1.028998,1.038658,0.948858,1.042659
71.4505,1.020658,0.9495577,1.022276,1.077886,1.045901,1.080689,1.135217,1.106675,1.139854,1.170328,1.13054,1.178997,1.189876,1.164676,1.196017
71.6029,0.7674825,0.8334145,0.7674631,0.801892,0.8670435,0.8018723,0.8824534,0.8880651,0.8824396,0.9581735,0.8823287,0.9581648,0.9681572,0.8644982,0.9681532
71.7553,1.037149,0.9740828,1.039763,1.083776,1.042576,1.087741,1.135166,1.102163,1.140564,1.151106,1.1464,1.151949,1.125498,1.189792,1.116991
71.9077,1.098916,0.9825335,1.113872,1.135482,1.043829,1.151898,1.18081,1.129502,1.193087,1.214528,1.191477,1.22107,1.22397,1.200923,1.230895
72.0601,1.117734,1.007578,1.134913,1.14995,1.05946,1.168256,1.191152,1.135749,1.205481,1.222297,1.194769,1.230544,1.230849,1.208448,1.23784
72.2125,1.143509,1.082469,1.154678,1.180092,1.13226,1.191415,1.221376,1.197612,1.22841,1.265192,1.265415,1.265111,1.306625,1.321485,1.300248
72.3649,1.118799,1.037403,1.131077,1.154095,1.0844,1.168185,1.198263,1.151266,1.210815,1.242041,1.217997,1.250058,1.274696,1.264221,1.278744
72.5173,1.074635,1.000808,1.081156,1.173904,1.148135,1.179543,1.233156,1.249985,1.22818,1.25406,1.294106,1.241323,1.295597,1.356387,1.272793
72.6697,1.020894,0.979103,1.021827,1.057937,1.080716,1.056571,1.116647,1.101663,1.118664,1.159346,1.103241,1.17091,1.180667,1.18216,1.180338
72.8221,0.9975438,0.7841426,0.9975409,1.054477,0.8850099,1.06657,1.101195,0.9365383,1.124654,1.144244,0.9624727,1.185705,1.204274,1.033771,1.266087
72.9745,0.8616714,0.8053467,0.861668,0.9151269,0.9731708,0.9151309,0.9946245,1.121052,0.9946361,1.129425,1.291066,1.109556,1.33618,1.603341,1.248063
73.1269,0.9603155,0.7090237,0.9603124,1.068562,0.8547812,1.089632,1.125629,0.9652157,1.155105,1.178313,1.06855,1.20698,1.313147,1.27565,1.331783
73.2793,0.4483336,0.3276915,0.4482982,0.5733027,0.3773393,0.5732763,0.6730977,0.4220085,0.6730792,0.7531797,0.4826854,0.7531652,0.9022703,0.595663,0.9022729
73.4317,0.8091723,0.4144262,0.8091704,0.9829006,0.5690221,0.9828964,1.08388,0.7478735,1.137434,1.206361,1.006641,1.28662,1.558887,1.611951,1.504785
73.5841,0.6769997,0.7747793,0.676998,0.7751116,0.8189203,0.7751094,0.8491421,0.8457108,0.84914,0.9168369,0.9113272,0.916835,1.025982,1.059408,1.025116
73.7365,0.6143014,0.3668979,0.6143014,0.6977014,0.4171928,0.6977009,0.7707889,0.4855501,0.7707881,0.8389974,0.5914313,0.8389965,0.9255826,0.7545147,0.9255857
73.8889,0.6084017,0.5399687,0.6084017,0.7265159,0.5824783,0.7265157,0.8079811,0.6276804,0.8079808,0.8802325,0.7001284,0.8802322,1.015291,0.8169027,1.019174
74.0413,0.4609656,0.355755,0.4609656,0.5455632,0.3586905,0.5455631,0.6155748,0.369621,0.6155747,0.6751946,0.4023882,0.6751944,0.7610615,0.4553078,0.7610615
74.1937,0.4257484,0.3313842,0.4257422,0.5009426,0.3341693,0.5009392,0.5578506,0.3409248,0.557847,0.6025909,0.3545312,0.602586,0.6707036,0.3717701,0.6707036
74.3461,0.5496578,0.4698438,0.5496534,0.5974713,0.4438246,0.5974633,0.6631271,0.4528007,0.6631155,0.730508,0.4732827,0.7304929,0.7817864,0.4682826,0.7817864
74.4985,0.4747625,0.3769259,0.4747601,0.4936924,0.3515314,0.4936881,0.5325233,0.3592539,0.5325171,0.5753073,0.3703233,0.5752992,0.5975929,0.3505296,0.5975929
74.6509,0.6869473,0.5932264,0.6869439,0.685985,0.5995904,0.6859823,0.7554768,0.6603087,0.7554735,0.8314272,0.726114,0.8314232,0.8214995,0.7253131,0.8214995
74.8033,0.7593742,0.7125358,0.7593722,0.7757952,0.7295366,0.775793,0.8364854,0.7656663,0.8364834,0.8979589,0.7915903,0.8979573,0.9048242,0.7853045,0.9048244
74.9557,0.8664216,0.9101217,0.8664132,0.8901616,0.9499233,0.8901491,0.9501352,0.9450595,0.9501258,1.004363,0.9214762,1.004746,1.009326,0.9240806,1.010195
75.1081,1.025132,1.014579,1.025401,1.083641,1.090215,1.083037,1.126687,1.125006,1.126921,1.15366,1.138692,1.15642,1.18492,1.181429,1.185703
75.2605,1.050358,1.061515,1.049773,1.097864,1.127494,1.094762,1.134446,1.154794,1.131368,1.157357,1.164026,1.156124,1.180937,1.200487,1.17674
75.4129,1.066558,0.9985166,1.071822,1.129711,1.096585,1.134875,1.173265,1.162119,1.17564,1.200764,1.200528,1.200823,1.239588,1.259798,1.233434
75.5653,1.034689,0.937224,1.038602,1.116698,1.053036,1.125864,1.165974,1.13415,1.172613,1.190421,1.177311,1.193566,1.23367,1.235462,1.233125
75.7177,0.9953861,0.8954508,0.9953859,1.086307,0.9962505,1.095853,1.1364,1.072662,1.147421,1.160893,1.111675,1.171048,1.206325,1.148395,1.222946
75.8701,0.9800416,0.8126415,0.9800416,1.065996,0.9297647,1.077429,1.123409,1.009112,1.142385,1.149591,1.052644,1.169357,1.181611,1.124656,1.195446
76.0225,0.9723969,0.8188323,0.9723969,1.046259,0.9024763,1.054556,1.097191,0.9772119,1.112382,1.125553,1.019713,1.143249,1.151884,1.048404,1.173625
76.1749,0.9685951,0.7885259,0.9685977,1.02463,0.8651434,1.029472,1.073826,0.9297181,1.087674,1.101012,0.9733068,1.118113,1.108699,1.017788,1.12124
76.3273,1.040728,0.8626613,1.050088,1.082961,0.9317076,1.099688,1.129459,1.008821,1.150872,1.168056,1.079674,1.188575,1.195932,1.143986,1.20971
76.4797,1.201452,1.179457,1.207175,1.198293,1.208,1.195912,1.242406,1.293077,1.227471,1.286544,1.350398,1.263665,1.273775,1.311827,1.260375
76.6321,1.025972,0.9042483,1.029695,1.069593,0.9467573,1.080319,1.115325,0.9942524,1.134068,1.163356,1.059439,1.187304,1.215505,1.146896,1.236791
76.7845,1.03503,1.079427,1.033487,1.09998,1.102003,1.099752,1.153212,1.151709,1.15348,1.201077,1.210992,1.198614,1.249873,1.250458,1.249678
76.9369,0.9062129,0.8738832,0.906212,0.9913899,0.9493614,0.9913853,1.046785,0.9867837,1.049925,1.098297,1.040472,1.105069,1.18758,1.173778,1.190813
77.0893,0.9561163,0.9730178,0.9561156,1.103271,1.113588,1.10209,1.182734,1.189384,1.181248,1.243716,1.278312,1.233177,1.406493,1.510519,1.350361
77.2417,0.7479556,0.6508453,0.7479508,0.824806,0.7002672,0.8247982,0.8783431,0.7148361,0.8783344,0.9342595,0.7402408,0.9342496,1.023989,0.8248987,1.030161
77.3941,0.7719699,0.667589,0.7719688,0.8734553,0.7548141,0.8734539,0.9562914,0.8198455,0.9562898,1.011537,0.8727529,1.013427,1.066426,0.9574533,1.075295
77.5465,0.6738468,0.4667695,0.6738467,0.7565331,0.5053869,0.7565327,0.832827,0.5388286,0.8328264,0.8998134,0.5753983,0.8998129,0.9743532,0.627771,0.9743532
77.6989,0.6799175,0.4856945,0.679913,0.7265061,0.4963012,0.7264973,0.7910872,0.5350967,0.7910758,0.8612871,0.5861116,0.8612788,0.917146,0.6155835,0.9171583
77.8513,0.7649814,0.5440032,0.7649798,0.8516379,0.6281976,0.8516346,0.940118,0.7184144,0.9401138,1.010112,0.792066,1.012987,1.057488,0.859176,1.07314
78.0037,0.7704495,0.6167984,0.7704494,0.9580028,0.8144285,0.9580027,1.113926,1.046136,1.123474,1.235584,1.250665,1.23105,1.395337,1.487909,1.346294
78.1561,0.7469043,0.5454498,0.7469029,0.8826477,0.6915855,0.8826435,1.013524,0.8582709,1.016061,1.09096,0.987298,1.102823,1.155267,1.09304,1.167781
78.3085,0.6801638,0.4619488,0.6801606,0.7573372,0.502736,0.7573337,0.8299714,0.5482423,0.829967,0.8866881,0.5855187,0.8866829,0.938167,0.6113846,0.9381741
78.4609,0.7567882,0.5583677,0.7567863,0.8417189,0.6241338,0.8417169,0.9306511,0.7058516,0.9306485,0.9984298,0.7723777,0.9984269,1.033052,0.812074,1.042981
78.6133,0.8166288,0.6892474,0.8166286,0.9079545,0.7934199,0.9079543,1.001505,0.9167484,1.001645,1.062267,1.013989,1.065658,1.101823,1.075163,1.104948
78.7657,0.9608136,0.7860813,0.9608136,1.012666,0.8720124,1.014775,1.081161,0.987269,1.090505,1.133682,1.070823,1.14428,1.138756,1.093223,1.146577
78.9181,0.9684799,0.745995,0.9684799,1.009305,0.8131607,1.011609,1.071396,0.9334328,1.084057,1.132523,1.036943,1.149297,1.149695,1.053321,1.169342
79.0705,0.9679974,0.783423,0.9679974,1.027867,0.8387846,1.034654,1.087497,0.9458261,1.103929,1.134822,1.036526,1.152511,1.151972,1.043354,1.175015
79.2229,1.011143,0.9592776,1.01176,1.055474,0.9973592,1.059125,1.105615,1.046834,1.113112,1.142141,1.069937,1.155428,1.155381,1.053002,1.17747
79.3753,1.047519,0.9560972,1.052594,1.094725,1.048633,1.099837,1.160424,1.14146,1.164149,1.201773,1.207067,1.200446,1.199905,1.251412,1.187982
79.5277,1.084219,0.9813492,1.095013,1.125383,1.035786,1.139957,1.16485,1.092854,1.180727,1.194037,1.137589,1.208942,1.214292,1.169135,1.227595
79.6801,1.181593,1.138244,1.191885,1.21121,1.184193,1.218776,1.241726,1.235797,1.243635,1.262722,1.271972,1.25948,1.272485,1.287425,1.267041
79.8325,1.165986,1.099022,1.180761,1.205407,1.167357,1.215882,1.245563,1.235062,1.249046,1.277857,1.291127,1.272876,1.303161,1.341068,1.28784
79.9849,1.157142,1.103244,1.168027,1.20976,1.174367,1.219727,1.253426,1.239396,1.258312,1.287293,1.295157,1.284171,1.323467,1.354624,1.309502
80.1373,1.11547,1.051998,1.124495,1.184775,1.142434,1.195034,1.233556,1.207185,1.241974,1.260776,1.251739,1.264018,1.293523,1.314659,1.285095
80.2897,1.083916,0.9731676,1.095623,1.163336,1.095947,1.177916,1.214273,1.175853,1.22545,1.235819,1.222092,1.24015,1.269668,1.301773,1.25847
80.4421,1.03138,0.8890268,1.036821,1.105907,0.9956265,1.1211,1.151072,1.064704,1.168581,1.16967,1.093989,1.187084,1.198803,1.134841,1.216471
80.5945,1.013273,0.8291672,1.016328,1.078652,0.9200016,1.09538,1.12277,0.9847755,1.146447,1.143019,1.021679,1.167419,1.166594,1.071588,1.18869
80.7469,1.02958,0.9230342,1.033244,1.063627,0.9591717,1.071694,1.101519,0.9970554,1.115107,1.128384,1.023309,1.146404,1.139616,1.03785,1.158831
80.8993,1.09165,0.9806391,1.104622,1.127946,1.038152,1.14292,1.16052,1.103763,1.172338,1.182762,1.145496,1.191593,1.197385,1.155058,1.208535
81.0517,1.068051,1.001325,1.073333,1.10248,1.034774,1.110927,1.13878,1.058722,1.153272,1.158415,1.066173,1.17845,1.159779,1.068047,1.1799
81.2041,1.119334,0.9880309,1.140863,1.156712,1.066718,1.175925,1.190896,1.143004,1.203102,1.207544,1.196687,1.210436,1.211174,1.235992,1.204782
81.3565,1.051094,1.033301,1.052068,1.129864,1.156342,1.126039,1.168124,1.214897,1.159258,1.174376,1.238317,1.162011,1.200426,1.314705,1.176011
81.5089,1.002197,0.6953626,1.003146,1.042403,0.7676432,1.059874,1.081186,0.8295943,1.11331,1.103321,0.8772686,1.140142,1.112874,0.9329357,1.142846
81.6613,1.106849,1.084046,1.109658,1.184556,1.187813,1.183813,1.220582,1.251998,1.212111,1.220983,1.266444,1.208965,1.234061,1.283241,1.220168
81.8137,1.10648,0.9834828,1.12387,1.124049,1.017072,1.141709,1.148072,1.058686,1.165839,1.165556,1.094209,1.181359,1.169007,1.115084,1.180915
81.9661,1.213045,1.198249,1.217149,1.231659,1.234826,1.230709,1.252572,1.274807,1.245343,1.275799,1.322182,1.259541,1.299845,1.376217,1.271397
82.1185,1.18677,1.148136,1.196196,1.228489,1.221436,1.230598,1.257419,1.280642,1.249686,1.288126,1.351756,1.265159,1.34132,1.463534,1.29112
82.2709,1.087932,1.021415,1.094898,1.131917,1.084568,1.139596,1.169549,1.130698,1.17796,1.197139,1.16215,1.20623,1.223497,1.202316,1.229818
82.4233,0.9538726,0.8486893,0.9538715,1.053024,0.9981402,1.056296,1.11651,1.102461,1.118397,1.172306,1.158444,1.175252,1.270644,1.244834,1.280717
82.5757,0.8798594,0.7680771,0.8798593,0.9877753,0.8860959,0.9877753,1.046374,0.981321,1.049782,1.102876,1.041904,1.110446,1.207333,1.118377,1.234597
82.7281,0.6519027,0.605525,0.6519026,0.732577,0.6787524,0.7325758,0.796629,0.7413591,0.7966269,0.8448284,0.7596824,0.8448245,0.9031201,0.7524642,0.9031346
82.8805,0.6687959,0.5388741,0.668773,0.8077536,0.6395797,0.8077367,0.9037928,0.7149511,0.9037794,1.005098,0.7917654,1.006456,1.161744,0.9480052,1.223108
83.0329,0.9037949,0.8569774,0.9037744,1.024622,1.023403,1.024634,1.07518,1.158076,1.069006,1.125294,1.251787,1.109678,1.278101,1.381982,1.24447
83.1853,0.438045,0.3635932,0.4380182,0.5235447,0.3681831,0.5235176,0.5900404,0.3823246,0.5900161,0.6585854,0.4206301,0.6585631,0.7818084,0.4811136,0.7818046
83.3377,0.4503682,0.4142511,0.450368,0.5227451,0.4139614,0.5227445,0.5826818,0.4279866,0.5826812,0.6391757,0.4503801,0.6391752,0.7229419,0.4658097,0.7229419
83.4901,0.4215218,0.3589352,0.4215162,0.4715751,0.3645637,0.4715701,0.5289236,0.3781546,0.5289182,0.5833029,0.3862766,0.5832969,0.6322925,0.3801104,0.6322925
83.6425,0.5210545,0.4708514,0.5210483,0.5686538,0.5149236,0.5686511,0.6365254,0.5406282,0.6365204,0.701851,0.5345201,0.7018427,0.7399996,0.519959,0.7399996
83.7949,0.6093007,0.4728711,0.6092986,0.6277424,0.5088874,0.6277415,0.7228003,0.5869239,0.7227985,0.8196101,0.6581702,0.8196072,0.8089604,0.661492,0.8089604
83.9473,0.5760498,0.4818233,0.5760495,0.5953578,0.5166451,0.5953577,0.6750886,0.5726432,0.6750883,0.7534271,0.612985,0.7534268,0.7477856,0.6106923,0.7477856
84.0997,0.5092055,0.4682609,0.5091775,0.54448,0.5066857,0.5444545,0.6110597,0.529456,0.6110378,0.6728415,0.5305308,0.6728233,0.6875787,0.5288586,0.6875787
84.2521,0.8081034,0.8751121,0.8080989,0.8368834,0.9322286,0.8368779,0.8928516,0.9464379,0.8928469,0.9380206,0.9319664,0.9380145,0.9392374,0.9356224,0.9392347
84.4045,0.9074852,1.049366,0.9074827,0.9468955,1.106946,0.9468926,0.9979688,1.135242,0.9979662,1.033875,1.136965,1.030612,1.036968,1.14563,1.033228
84.5569,1.081918,1.128635,1.077967,1.112978,1.180608,1.10504,1.157285,1.227354,1.145366,1.188895,1.247612,1.176325,1.194409,1.248428,1.182362
84.7093,1.093085,1.115996,1.0908,1.132342,1.174109,1.126305,1.167251,1.212617,1.158691,1.187962,1.23042,1.178716,1.2001,1.251163,1.188254
84.8617,1.158099,1.070877,1.176838,1.262619,1.23759,1.271968,1.336694,1.357389,1.32665,1.379673,1.426782,1.353866,1.450438,1.531738,1.396924
85.0141,1.114962,1.051733,1.123905,1.208852,1.177146,1.217672,1.264782,1.255174,1.268301,1.29837,1.306145,1.29511,1.365546,1.40422,1.345158
85.1665,1.024496,0.8423466,1.030158,1.159438,1.046975,1.184959,1.255281,1.192029,1.279863,1.31852,1.287714,1.333968,1.450995,1.477198,1.431136
85.3189,0.9309721,0.714725,0.9309718,1.100292,0.9373128,1.123188,1.211071,1.107151,1.244743,1.269775,1.202364,1.298448,1.391165,1.387096,1.393803
85.4713,0.8793071,0.6760885,0.8793001,1.032275,0.8239096,1.041245,1.117238,0.9371949,1.148669,1.165085,1.014531,1.203548,1.245552,1.14584,1.285353
85.6237,0.7398278,0.489138,0.7398266,0.8954518,0.6315986,0.8954516,1.008222,0.7466071,1.011181,1.052616,0.8108745,1.071128,1.11769,0.9165093,1.154435
85.7761,0.7826338,0.5385349,0.7826334,0.9178323,0.6399375,0.9178321,1.022261,0.73227,1.031779,1.071172,0.7959806,1.102654,1.121095,0.8671376,1.174945
85.9285,0.8628309,0.6695041,0.8628309,0.9703448,0.7591604,0.9703448,1.059742,0.8655384,1.075632,1.118145,0.9474337,1.147736,1.153624,0.9930947,1.191694
86.0809,0.8426906,0.6332164,0.8426891,0.9281183,0.688634,0.9281176,1.018025,0.7782428,1.02389,1.074952,0.8614,1.098202,1.107694,0.8940328,1.143483
86.2333,0.9211833,0.7616905,0.9211832,0.9842381,0.8340164,0.9842381,1.069489,0.9598967,1.078871,1.141235,1.061092,1.15605,1.154788,1.068098,1.17291
86.3857,0.9114516,0.7159722,0.9114516,0.9798261,0.7588548,0.9798261,1.051833,0.8434942,1.066728,1.108647,0.9244162,1.138186,1.131971,0.9478527,1.169566
86.5381,1.00627,0.8157543,1.00776,1.057573,0.8931163,1.06994,1.126911,1.010762,1.146913,1.18896,1.120127,1.206918,1.218949,1.177759,1.231345
86.6905,1.13525,1.080801,1.144438,1.191659,1.160155,1.199507,1.237096,1.229235,1.239569,1.262522,1.266901,1.260973,1.281072,1.289318,1.277896
86.8429,1.036366,0.9223738,1.041274,1.092351,1.001212,1.102793,1.152809,1.082845,1.166816,1.195657,1.140293,1.21041,1.216326,1.172346,1.229419
86.9953,1.045774,0.9019662,1.05398,1.091373,0.9776976,1.104661,1.143226,1.061311,1.158675,1.181307,1.109978,1.199031,1.197622,1.116267,1.220656
87.1477,1.070576,0.9031985,1.086407,1.116471,0.9727392,1.139838,1.160582,1.050869,1.185583,1.187562,1.104422,1.209611,1.198306,1.125585,1.218656
87.3001,1.098099,0.953687,1.117286,1.144885,1.071612,1.158708,1.206456,1.176321,1.214694,1.22303,1.205735,1.228141,1.184369,1.185663,1.184077
87.4525,1.132368,1.044226,1.147634,1.15727,1.081215,1.173202,1.188622,1.132347,1.20295,1.207236,1.167226,1.218416,1.204752,1.170243,1.214156
87.6049,1.162269,1.073379,1.182042,1.187174,1.126996,1.20244,1.21634,1.177768,1.227704,1.234821,1.217192,1.240393,1.238519,1.251227,1.234622
87.7573,1.237529,1.219127,1.243447,1.259734,1.272913,1.255215,1.285592,1.326441,1.270447,1.305324,1.348201,1.28798,1.314512,1.339513,1.303612
87.9097,1.09934,1.074113,1.102211,1.148422,1.13092,1.151547,1.183069,1.170605,1.185915,1.203321,1.16116,1.214859,1.220703,1.124352,1.253406
88.0621,0.8928213,0.8917837,0.8928201,0.9730111,0.9619176,0.9730108,1.018825,1.019276,1.018817,1.07524,1.029996,1.079128,1.165762,1.012385,1.205412
88.2145,0.8280674,0.8576895,0.8280631,0.9341452,0.9854881,0.9341402,0.9959455,1.061392,0.9959404,1.074348,1.065332,1.075077,1.207727,1.069042,1.25526
88.3669,0.7378964,0.7594609,0.7378944,0.8310136,0.877365,0.8310112,0.8895126,0.9666608,0.8895102,0.9715645,0.9760041,0.9715627,1.118858,0.9563636,1.14682
88.5193,0.4878188,0.5609694,0.4878167,0.5737522,0.5728951,0.5737503,0.6263493,0.5736796,0.6263474,0.7026935,0.5798335,0.7026917,0.8935971,0.6041045,0.893598
88.6717,0.4648001,0.5142215,0.464793,0.5467782,0.5125777,0.5467696,0.6031577,0.5085818,0.6031494,0.6766384,0.5215741,0.67663,0.8382109,0.5566281,0.8382109
88.8241,0.3363003,0.3350755,0.3362996,0.3946416,0.3017295,0.3946412,0.4441196,0.2880546,0.444119,0.5072395,0.3072154,0.507239,0.6264877,0.3463983,0.6264877
88.9765,0.362116,0.3671778,0.3621155,0.4169938,0.3453429,0.4169935,0.4726401,0.3361067,0.4726396,0.5329062,0.33751,0.5329059,0.6153669,0.3381258,0.6153669
89.1289,0.356461,0.3384704,0.356461,0.3910878,0.3136804,0.3910877,0.4385671,0.297224,0.4385669,0.4956338,0.281539,0.4956336,0.5517341,0.261371,0.5517341
89.2813,0.408693,0.3876979,0.4086912,0.4399965,0.3881921,0.4399948,0.4918346,0.3780297,0.491833,0.5467941,0.3577234,0.5467924,0.5832321,0.338324,0.5832321
89.4337,0.499924,0.564123,0.4999068,0.5320523,0.625118,0.5320362,0.586382,0.6174213,0.5863639,0.6458499,0.5705975,0.6458315,0.6841311,0.5545558,0.6841311
89.5861,0.692836,0.8134816,0.6928359,0.7232006,0.8877792,0.7231995,0.7996057,0.8536037,0.7996045,0.8708494,0.7942955,0.8708487,0.8748,0.809716,0.8748
89.7385,0.6830497,0.7155965,0.6830497,0.6846922,0.7323619,0.6846919,0.7559938,0.7364947,0.7559935,0.8338819,0.734216,0.8338817,0.8262517,0.7388794,0.8262517
89.8909,0.9380165,1.018748,0.938016,0.9584508,1.084474,0.9584502,1.033601,1.081864,1.032004,1.092907,1.052965,1.097208,1.089314,1.068451,1.091415
90.0433,0.8365991,1.07629,0.8365987,0.8459908,1.131652,0.8459901,0.8736681,1.106117,0.8736669,0.8993742,1.049425,0.8993725,0.9029114,1.038733,0.9029114
90.1957,0.8716798,1.046679,0.8716764,0.8975498,1.134518,0.897547,0.9448633,1.193883,0.94486,0.9848471,1.215739,0.9848432,0.9921908,1.238078,0.9921883
90.3481,0.9594661,0.9774045,0.9594643,0.9785772,1.055862,0.9785758,1.016811,1.106326,1.015408,1.046592,1.115044,1.043482,1.046994,1.117039,1.043789
90.5005,1.163448,1.136904,1.16884,1.212192,1.23977,1.205077,1.254997,1.297579,1.241443,1.268671,1.300277,1.257698,1.265408,1.304232,1.252308
90.6529,1.135423,1.097863,1.14162,1.16828,1.149409,1.172203,1.161315,1.172511,1.15919,1.146832,1.191794,1.139534,1.165952,1.241288,1.152406
90.8053,1.193671,1.148506,1.20533,1.276422,1.260479,1.282689,1.327342,1.346841,1.318224,1.351784,1.396538,1.329749,1.39143,1.449271,1.359018
90.9577,1.094085,0.9761986,1.108413,1.161241,1.070637,1.181295,1.21028,1.150346,1.227968,1.234603,1.19408,1.247953,1.25688,1.226115,1.268143
91.1101,1.102653,1.027089,1.112203,1.16066,1.117661,1.169431,1.205219,1.17699,1.212853,1.22883,1.19649,1.238985,1.249829,1.217848,1.261132
91.2625,1.081007,0.955332,1.094053,1.154837,1.046964,1.178234,1.202283,1.111872,1.229161,1.226257,1.14907,1.252303,1.258638,1.196461,1.283203
91.4149,1.119911,1.013832,1.136707,1.180059,1.103777,1.19901,1.224031,1.168164,1.24185,1.243518,1.197532,1.259644,1.259638,1.228031,1.271412
91.5673,1.174636,1.114041,1.188732,1.231376,1.188035,1.245478,1.278637,1.252564,1.289249,1.300317,1.280635,1.309125,1.30717,1.28609,1.316953
91.7197,1.198284,1.174002,1.204526,1.233512,1.229547,1.234729,1.270767,1.279451,1.267595,1.286019,1.293696,1.282989,1.277737,1.279952,1.276889
91.8721,1.161377,1.010932,1.198678,1.21182,1.096785,1.250208,1.258408,1.171951,1.294497,1.290409,1.231797,1.317701,1.316683,1.29827,1.325571
92.0245,1.186167,1.110777,1.20569,1.228396,1.178395,1.244585,1.264766,1.22871,1.278697,1.291636,1.267783,1.301954,1.318384,1.320006,1.317629
92.1769,1.20446,1.123557,1.22841,1.24047,1.17223,1.265084,1.273965,1.221706,1.295931,1.309551,1.275731,1.325902,1.351941,1.338024,1.359762
92.3293,1.195119,1.126725,1.213708,1.24666,1.190676,1.267059,1.28917,1.247933,1.307479,1.319916,1.294473,1.332595,1.349838,1.342041,1.354112
92.4817,1.219466,1.174369,1.23318,1.29654,1.277361,1.304954,1.349631,1.351518,1.348621,1.380418,1.398754,1.369665,1.421653,1.461149,1.395782
92.6341,1.162393,1.064118,1.184646,1.229226,1.170877,1.248518,1.280837,1.249453,1.293895,1.303424,1.293562,1.307807,1.319909,1.34636,1.30813
92.7865,1.110909,0.9472168,1.136866,1.171294,1.0121,1.21486,1.214753,1.058664,1.273522,1.247189,1.11139,1.307488,1.290666,1.199759,1.336842
92.9389,1.095468,0.9673319,1.111559,1.165238,1.052353,1.192076,1.212414,1.10954,1.245975,1.237482,1.140741,1.273993,1.267637,1.183758,1.304332
93.0913,1.170721,1.066106,1.196267,1.220402,1.119341,1.254992,1.26303,1.174235,1.301324,1.293721,1.224701,1.327303,1.319558,1.272625,1.34419
93.2437,1.163501,1.02931,1.196265,1.206806,1.10449,1.238925,1.25323,1.172011,1.285716,1.282493,1.214699,1.313442,1.293857,1.246185,1.315866
93.3961,1.251917,1.212506,1.266214,1.275299,1.243084,1.288351,1.313879,1.302096,1.319408,1.346176,1.355127,1.341534,1.353094,1.369822,1.34431
93.5485,1.272645,1.237206,1.286903,1.288832,1.261522,1.300568,1.320098,1.308363,1.325768,1.348097,1.350453,1.346846,1.355273,1.362774,1.351212
93.7009,1.266583,1.23855,1.277341,1.28786,1.266119,1.297047,1.316137,1.30776,1.320081,1.338165,1.340019,1.337222,1.345179,1.347508,1.343957
93.8533,1.251422,1.22374,1.26121,1.277017,1.260771,1.283444,1.303791,1.294424,1.30796,1.320511,1.31477,1.323253,1.325865,1.325982,1.325809
94.0057,1.248758,1.223343,1.257575,1.277202,1.263388,1.282645,1.297651,1.286463,1.302504,1.307125,1.294463,1.312891,1.313985,1.305959,1.317722
94.1581,1.254885,1.233852,1.262365,1.273044,1.25109,1.281651,1.294165,1.277799,1.30122,1.306574,1.295287,1.311685,1.306015,1.293369,1.311743
94.3105,1.2383,1.193872,1.253377,1.264212,1.226399,1.278832,1.283112,1.253971,1.295324,1.29352,1.270416,1.303591,1.301968,1.281489,1.311221
94.4629,1.226851,1.192721,1.23748,1.24677,1.210693,1.259406,1.263106,1.229629,1.275859,1.273166,1.24193,1.285656,1.279457,1.246635,1.293063
94.6153,1.22036,1.179116,1.23288,1.238729,1.204959,1.249984,1.256397,1.23039,1.265813,1.267427,1.240983,1.277588,1.271792,1.237309,1.285576
94.7677,1.247046,1.216208,1.257755,1.262755,1.233756,1.273682,1.277218,1.2539,1.286584,1.286092,1.267296,1.293916,1.289843,1.271222,1.297737
94.9201,1.250921,1.215328,1.263665,1.274041,1.252888,1.282364,1.288082,1.270808,1.295321,1.295314,1.281984,1.301056,1.305379,1.308075,1.3042
95.0725,1.246652,1.211042,1.259105,1.268335,1.232335,1.28251,1.28465,1.254117,1.297586,1.298434,1.271672,1.310484,1.313959,1.284737,1.328238
95.2249,1.187713,1.142021,1.19907,1.221806,1.197615,1.22899,1.241833,1.222736,1.248136,1.246917,1.22526,1.254303,1.252385,1.239185,1.25695
95.3773,1.206596,1.155019,1.22125,1.237699,1.203042,1.249202,1.258842,1.230887,1.269136,1.267785,1.242285,1.277584,1.275321,1.260162,1.281252
95.5297,1.209753,1.191093,1.214857,1.23263,1.207935,1.240446,1.250289,1.228913,1.257709,1.260886,1.243416,1.267257,1.268098,1.247085,1.276113
95.6821,1.185355,1.110022,1.20475,1.214673,1.145094,1.236188,1.231433,1.178791,1.248874,1.240403,1.193149,1.256725,1.252901,1.190142,1.276939
95.8345,1.204871,1.163441,1.216306,1.231539,1.193096,1.243942,1.250021,1.221862,1.25991,1.260103,1.243801,1.266011,1.269229,1.260454,1.272517
95.9869,1.184555,1.143702,1.194413,1.210145,1.186714,1.216623,1.229482,1.212167,1.234794,1.237417,1.228097,1.240366,1.240744,1.254776,1.2364
96.1393,1.220908,1.208695,1.224444,1.249546,1.240446,1.252623,1.270742,1.266698,1.272256,1.280829,1.278358,1.2818,1.28646,1.281562,1.288444

