#HOLE:,U1528D
#EXPEDITION:,376
#TOP:,0.0229
#BOTTOM:,332.5597
DEPTH_WMSF,TENS,CS,ETIM
m,lbf,m/h,s
0.0229,2005.994,546.811,2264.69
0.1753,1985.003,546.2017,2263.687
0.3277,1987.016,547.4205,2262.682
0.4801,2063.983,545.8972,2261.68
0.6325,2118.003,547.1156,2260.66
0.7849,2140.995,544.0663,2259.659
0.9373,2131.999,540.7153,2258.675
1.0897,2117.967,541.3278,2257.655
1.2421,2044.998,548.0304,2256.635
1.3945,1943.01,547.7262,2255.631
1.5469,1968.999,549.2495,2254.628
1.6993,2055.015,545.5918,2253.642
1.8517,2099.995,544.9825,2252.64
2.0041,2118.999,543.7632,2251.638
2.1565,2115.001,543.7632,2250.62
2.3089,2106.001,544.0678,2249.617
2.4613,2112.998,543.1538,2248.599
2.6137,2077.982,543.1541,2247.596
2.7661,1946.024,546.2019,2246.592
2.9185,1993.009,546.8112,2245.588
3.0709,2118.037,546.2014,2244.568
3.2233,2202,545.592,2243.565
3.3757,2186.008,547.4208,2242.563
3.5281,2207.999,547.4208,2241.562
3.6805,2176.956,546.8113,2240.576
3.8329,2038.016,547.116,2239.557
3.9853,1989.021,546.8105,2238.554
4.1377,2072.985,544.0685,2237.551
4.2901,2106.009,545.5914,2236.547
4.4425,2151.989,542.8495,2235.544
4.5949,2144.986,547.1166,2234.541
4.7473,2035.982,551.6873,2233.522
4.8997,2000.005,550.1636,2232.52
5.0521,2067.014,544.6782,2231.533
5.2045,2100,545.8968,2230.532
5.3569,2161.991,545.286,2229.513
5.5093,2137.001,542.2394,2228.528
5.6617,2000.964,547.1167,2227.507
5.8141,1885.014,549.2493,2226.504
5.9665,2031.052,545.5909,2225.5
6.1189,2237.962,541.3256,2224.499
6.2713,2270.992,539.801,2223.48
6.4237,2231.01,540.715,2222.47
6.5761,2205.986,547.4209,2221.476
6.7285,2089.981,548.639,2220.457
6.8809,2051.998,546.5064,2219.455
7.0333,2017.996,546.2016,2218.45
7.1857,2009,546.2016,2217.464
7.3381,2084.025,544.9822,2216.445
7.4905,2150.996,544.3729,2215.442
7.6429,2168.004,544.6771,2214.44
7.7953,2180.998,543.1538,2213.437
7.9477,2143.997,544.6773,2212.416
8.1001,2133.002,543.4586,2211.422
8.2525,2114.984,546.2019,2210.412
8.4049,2025.023,548.0299,2209.411
8.5573,2002.01,545.2871,2208.39
8.7097,2087.013,544.6775,2207.386
8.8621,2113.001,544.3728,2206.384
9.0145,2127.021,544.068,2205.386
9.1669,2176,544.068,2204.378
9.3193,2123.959,541.3265,2203.375
9.4717,2011.008,545.8965,2202.356
9.6241,2034.026,547.1147,2201.338
9.7765,2119.989,542.8494,2200.337
9.9289,2191.003,543.4577,2199.335
10.0813,2202.998,540.7158,2198.331
10.2337,2114.982,543.7638,2197.309
10.3861,2013.949,547.1163,2196.297
10.5385,1920.01,547.7256,2195.287
10.6909,2014.074,548.0282,2194.283
10.8433,2168.004,543.4583,2193.298
10.9957,2255.016,542.2393,2192.294
11.1481,2293,542.544,2191.277
11.3005,2288.953,541.0209,2190.275
11.4529,2158.01,543.4582,2189.257
11.6053,2010.975,546.811,2188.236
11.7577,1927.012,546.2017,2187.251
11.9101,1912.031,548.0297,2186.249
12.0625,2044.973,544.983,2185.246
12.2149,2186.008,542.849,2184.242
12.3673,2234.972,543.7639,2183.221
12.5197,2182.995,544.9827,2182.219
12.6721,2133.991,547.4188,2181.2
12.8245,2116,543.1536,2180.216
12.9769,2105.997,543.1535,2179.213
13.1293,2099,542.8488,2178.194
13.2817,2092.997,544.6776,2177.173
13.4341,2085.001,544.6776,2176.17
13.5865,2074.986,546.2017,2175.159
13.7389,2025.007,546.5063,2174.166
13.8913,2052.007,546.2009,2173.164
14.0437,2084.993,543.1542,2172.161
14.1961,2094.003,546.2016,2171.139
14.3485,2112,546.2026,2170.136
14.5009,2111.997,548.0301,2169.117
14.6533,2083.017,544.6777,2168.133
14.8057,2118.999,544.9824,2167.132
14.9581,2091.966,544.0685,2166.112
15.1105,2008.002,545.2871,2165.108
15.2629,2018.022,544.9814,2164.104
15.4153,2082.994,541.9346,2163.101
15.5677,2141.997,545.5918,2162.098
15.7201,2131.002,544.9825,2161.08
15.8725,2129.004,544.0682,2160.078
16.0249,2147.996,544.9822,2159.076
16.1773,2077.992,544.3729,2158.073
16.3297,2029.022,545.2869,2157.062
16.4821,2071,544.6774,2156.068
16.6345,2069.029,542.8491,2155.048
16.7869,2132.001,543.4583,2154.045
16.9393,2182.941,540.1077,2153.025
17.0917,2035.005,545.287,2152.007
17.2441,2011.032,545.287,2151.004
17.3965,2105.991,544.6777,2149.994
17.5489,2187.009,545.8954,2148.999
17.7013,2220.995,541.0208,2147.997
17.8537,2197.98,544.0685,2146.977
18.0061,2103.021,546.5059,2145.975
18.1585,2041.999,546.5063,2144.963
18.3109,2037.024,545.5918,2143.969
18.4633,2083.002,545.287,2142.967
18.6157,2108.004,543.4588,2141.963
18.7681,2116.976,544.3691,2140.942
18.9205,2107.12,542.8773,2139.928
19.0729,2116.07,545.0682,2138.907
19.2253,2116.752,548.7471,2137.9
19.3777,2054.638,551.619,2136.871
19.5301,2049.276,550.1293,2135.871
19.6825,2090.084,549.064,2134.844
19.8349,2135.416,542.2155,2133.846
19.9873,2163.645,541.9885,2132.817
20.1397,2154.315,542.544,2131.804
20.2921,2100.787,542.8138,2130.788
20.4445,2075.465,544.9083,2129.758
20.5969,2020.603,544.2518,2128.742
20.7493,2030.125,543.4149,2127.716
20.9017,2116.562,543.1536,2126.703
21.0541,2192.15,543.2037,2125.696
21.2065,2207.988,543.405,2124.672
21.3589,2245.322,542.9267,2123.645
21.5113,2180.933,542.7751,2122.628
21.6637,2067.505,546.4551,2121.602
21.8161,1994.836,547.4874,2120.588
21.9685,2076.764,546.748,2119.575
22.1209,2165.64,543.0917,2118.56
22.2733,2202.937,542.7004,2117.542
22.4257,2161.24,544.9824,2116.517
22.5781,2136.261,545.3154,2115.501
22.7305,2104.214,546.2016,2114.48
22.8829,2065.519,546.0222,2113.46
23.0353,2037.598,545.4059,2112.447
23.1877,2071.271,544.6934,2111.433
23.3401,2102.042,544.7657,2110.414
23.4925,2131.312,544.8638,2109.388
23.6449,2146.111,541.8146,2108.381
23.7973,2171.374,541.7869,2107.372
23.9497,2113.843,543.2663,2106.342
24.1021,2033.618,543.8068,2105.317
24.2545,2059.209,543.8948,2104.296
24.4069,2146.162,543.2763,2103.276
24.5593,2200.296,543.7104,2102.265
24.7117,2204.18,544.5853,2101.242
24.8641,2154.759,544.4913,2100.22
25.0165,2068.469,546.1778,2099.194
25.1689,2001.087,548.3018,2098.171
25.3213,2071.054,546.2413,2097.165
25.4737,2182.618,545.4462,2096.161
25.6261,2226.755,543.6481,2095.149
25.7785,2244.502,541.7819,2094.135
25.9309,2183.027,542.4085,2093.104
26.0833,2088.27,543.6306,2092.074
26.2357,2096.144,545.0418,2091.059
26.3881,2151.996,546.228,2090.045
26.5405,2197.388,545.4927,2089.023
26.6929,2193.828,544.1608,2088.003
26.8453,2151.824,543.7632,2086.991
26.9977,2146.32,543.7632,2085.969
27.1501,2150.221,543.5811,2084.958
27.3025,2140.92,543.829,2083.94
27.4549,2145.664,543.5021,2082.909
27.6073,2140.924,543.7295,2081.889
27.7597,2125.39,544.068,2080.866
27.9121,2118.697,544.4652,2079.847
28.0645,2121.312,544.8795,2078.833
28.2169,2143.874,544.5719,2077.819
28.3693,2153.316,545.207,2076.804
28.5217,2166.198,545.1686,2075.779
28.6741,2192.469,545.4127,2074.76
28.8265,2210.313,544.5002,2073.748
28.9789,2216.908,543.8464,2072.735
29.1313,2178.151,544.6629,2071.722
29.2837,2147.525,544.2977,2070.695
29.4361,2164.792,544.9943,2069.677
29.5885,2172,545.5223,2068.649
29.7409,2208.831,542.2481,2067.631
29.8933,2207.872,545.2013,2066.604
30.0457,2136.453,547.6764,2065.594
30.1981,2147.795,545.5387,2064.589
30.3505,2221.154,542.7081,2063.576
30.5029,2263.586,542.2392,2062.547
30.6553,2269,543.0187,2061.514
30.8077,2271.591,542.6272,2060.512
30.9601,2228.244,543.611,2059.487
31.1125,2128.957,544.0333,2058.472
31.2649,2098.147,543.5207,2057.443
31.4173,2172.396,545.1216,2056.412
31.5697,2256.459,543.3218,2055.396
31.7221,2262.067,548.2719,2054.365
31.8745,2272.383,546.3385,2053.366
32.0269,2271.089,546.4929,2052.353
32.1793,2186.849,553.8769,2051.337
32.3317,2096.872,565.7637,2050.322
32.4841,2135.585,566.9188,2049.324
32.6365,2254.137,566.0082,2048.361
32.7889,2339.812,562.6608,2047.382
32.9413,2324.95,562.6761,2046.401
33.0937,2321.49,563.1608,2045.421
33.2461,2276.333,560.4257,2044.423
33.3985,2174.331,564.8289,2043.443
33.5509,2036.336,569.5095,2042.447
33.7033,2066.055,558.3331,2041.481
33.8557,2210.092,545.5353,2040.498
34.0081,2297.473,526.6296,2039.495
34.1605,2298.934,520.6194,2038.447
34.3129,2335.17,518.6988,2037.385
34.4653,2261.229,520.5903,2036.334
34.6177,2155.714,522.7963,2035.253
34.7701,2054.669,524.519,2034.19
34.9225,2141.054,522.1486,2033.138
35.0749,2253.398,519.4356,2032.074
35.2273,2306.623,520.2838,2031.009
35.3797,2293.078,522.9227,2029.944
35.5321,2255.733,523.5793,2028.878
35.6845,2228.378,523.3416,2027.813
35.8369,2237.327,523.4156,2026.749
35.9893,2277.93,523.4138,2025.684
36.1417,2241.027,523.2988,2024.625
36.2941,2156.445,524.8656,2023.571
36.4465,2131.889,523.7209,2022.51
36.5989,2195.03,519.713,2021.456
36.7513,2260.346,516.9408,2020.394
36.9037,2267.424,519.1083,2019.331
37.0561,2224.597,522.8297,2018.26
37.2085,2192.19,521.1024,2017.196
37.3609,2179.994,521.3392,2016.132
37.5133,2175.801,521.8973,2015.067
37.6657,2157.709,522.0935,2014.008
37.8181,2100.076,523.1565,2012.952
37.9705,2098.015,522.972,2011.886
38.1229,2142.707,522.3006,2010.822
38.2753,2182.91,521.8622,2009.758
38.4277,2208.372,521.6463,2008.694
38.5801,2205,521.6805,2007.636
38.7325,2194.387,521.3722,2006.572
38.8849,2169.708,522.0726,2005.498
39.0373,2175.846,522.5942,2004.433
39.1897,2215.824,523.0283,2003.367
39.3421,2224.923,523.644,2002.31
39.4945,2212.964,523.0313,2001.27
39.6469,2224.851,522.732,2000.225
39.7993,2236.45,522.5745,1999.169
39.9517,2206.39,522.4272,1998.111
40.1041,2174.234,522.587,1997.054
40.2565,2194.351,521.7661,1995.997
40.4089,2240.948,520.0922,1994.949
40.5613,2265.214,517.2566,1993.901
40.7137,2263.685,513.7729,1992.834
40.8661,2257.827,512.5344,1991.76
41.0185,2226.445,512.5068,1990.686
41.1709,2206.966,511.8643,1989.621
41.3233,2239.871,511.4544,1988.548
41.4757,2255.734,510.773,1987.468
41.6281,2234.803,510.4068,1986.394
41.7805,2205.427,510.3672,1985.308
41.9329,2184.009,510.5832,1984.235
42.0853,2210.166,510.8448,1983.159
42.2377,2250.761,510.3163,1982.08
42.3901,2295.012,510.2852,1981.007
42.5425,2346.126,509.2898,1979.925
42.6949,2302.868,510.0249,1978.834
42.8473,2209.149,512.5967,1977.754
42.9997,2112.891,514.6802,1976.69
43.1521,2072.203,513.9499,1975.622
43.3045,2175.935,511.502,1974.548
43.4569,2315.539,508.8678,1973.473
43.6093,2368.743,507.0495,1972.399
43.7617,2335.995,505.4497,1971.316
43.9141,2268.313,508.3431,1970.226
44.0665,2242.25,509.9688,1969.135
44.2189,2224.77,510.9668,1968.055
44.3713,2194.402,511.5665,1966.976
44.5237,2213.518,511.0668,1965.903
44.6761,2216.922,510.4547,1964.832
44.8285,2178.099,509.8428,1963.747
44.9809,2192.098,509.0332,1962.667
45.1333,2257.229,506.9233,1961.584
45.2857,2309.213,505.968,1960.505
45.4381,2333.551,505.566,1959.431
45.5905,2326.397,503.9432,1958.345
45.7429,2216.632,506.0706,1957.244
45.8953,2085.213,509.1269,1956.149
46.0477,2004.174,510.3416,1955.075
46.2001,2169.896,506.8177,1953.997
46.3525,2389.057,498.1879,1952.909
46.5049,2444.513,493.3228,1951.807
46.6573,2394.406,495.9207,1950.689
46.8097,2230.118,497.8564,1949.578
46.9621,2118.855,499.3192,1948.482
47.1145,2113.447,496.4478,1947.38
47.2669,2206.764,493.9202,1946.273
47.4193,2291.943,493.255,1945.165
47.5717,2314.139,493.1664,1944.045
47.7241,2262.637,493.385,1942.933
47.8765,2139.602,493.9108,1941.814
48.0289,2131.887,493.1972,1940.691
48.1813,2231.394,491.3077,1939.58
48.3337,2290.369,490.9513,1938.46
48.4861,2286.011,488.3399,1937.335
48.6385,2235.093,482.8615,1936.222
48.7909,2165.458,460.1997,1935.092
48.9433,2173.914,408.0415,1933.927
49.0957,2255.193,381.6557,1932.589
49.2481,2269.835,370.968,1931.146
49.4005,2241.074,363.7794,1929.65
49.5529,2251.006,355.9897,1928.105
49.7053,2189.898,342.5256,1926.534
49.8577,2205.322,306.1497,1924.916
50.0101,2252.385,244.2816,1923.112
50.1625,2245.308,221.356,1920.769
50.3149,2178.802,219.193,1918.214
50.4673,2254.206,218.2781,1915.677
50.6197,2275.636,217.9382,1913.097
50.7721,2192.859,218.8474,1910.531
50.9245,2152.725,219.1426,1907.959
51.0769,2315.111,218.9102,1905.407
51.2293,2289.06,220.252,1902.825
51.3817,2172.623,222.3813,1900.262
51.5341,2217.604,220.9805,1897.744
51.6865,2287.826,220.1177,1895.211
51.8389,2182.961,234.5049,1892.677
51.9913,2195.363,270.3329,1890.296
52.1437,2280.396,274.9051,1888.19
52.2961,2300.541,265.3257,1886.08
52.4485,2223.742,266.0325,1883.957
52.6009,2225.112,267.1489,1881.835
52.7533,2124.458,267.6417,1879.726
52.9057,2192.676,265.8723,1877.631
53.0581,2316.754,265.8788,1875.518
53.2105,2263.013,268.0917,1873.402
53.3629,2157.56,268.9603,1871.299
53.5153,2152.528,269.0043,1869.21
53.6677,2169.83,267.8437,1867.129
53.8201,2305.842,266.8488,1865.038
53.9725,2341.622,267.7856,1862.933
54.1249,2170.048,269.3464,1860.822
54.2773,2077.97,270.2237,1858.734
54.4297,2244.654,266.9709,1856.65
54.5821,2354.955,265.4945,1854.551
54.7345,2316.911,266.8623,1852.437
54.8869,2218.373,269.3148,1850.325
55.0393,2145.958,269.942,1848.231
55.1917,2194.561,269.1022,1846.152
55.3441,2358.978,266.1634,1844.07
55.4965,2388.871,265.406,1841.957
55.6489,2135.843,270.2295,1839.849
55.8013,2127.039,270.8424,1837.771
55.9537,2287.607,267.6364,1835.7
56.1061,2313.743,267.0048,1833.616
56.2585,2251.705,268.6062,1831.514
56.4109,2292.49,269.9307,1829.422
56.5633,2156.514,271.744,1827.318
56.7157,2181.98,271.0146,1825.247
56.8681,2186.919,270.9672,1823.174
57.0205,2300.6,266.4112,1821.121
57.1729,2257.227,264.917,1819.014
57.3253,2219.039,267.0732,1816.879
57.4777,2157.325,270.9527,1814.789
57.6301,2175.28,302.4518,1812.706
57.7825,2195,294.1129,1810.805
57.9349,2316.194,289.2764,1808.914
58.0873,2250.89,275.0304,1806.96
58.2397,2120.519,277.0632,1804.915
58.3921,2218.312,291.403,1802.89
58.5445,2249.547,367.7803,1800.92
58.6969,2243.749,461.7545,1799.266
58.8493,2286.152,515.0109,1797.958
59.0017,2307.082,523.5156,1796.857
59.1541,2350.026,524.9996,1795.778
59.3065,2327.531,535.6995,1794.709
59.4589,2238.728,542.1611,1793.672
59.6113,2154.648,542.9459,1792.661
59.7637,2150.957,542.4426,1791.66
59.9161,2200.176,542.3383,1790.67
60.0685,2210.46,542.3503,1789.657
60.2209,2286.525,541.9344,1788.651
60.3733,2354.098,542.1185,1787.651
60.5257,2364.567,542.2748,1786.64
60.6781,2281.909,542.0667,1785.634
60.8305,2190.196,543.1536,1784.639
60.9829,2138.899,542.4927,1783.639
61.1353,2221.208,541.439,1782.63
61.2877,2229.227,542.6791,1781.632
61.4401,2296.679,540.1837,1780.621
61.5925,2391.329,540.2272,1779.615
61.7449,2300.141,542.8278,1778.615
61.8973,2213.308,543.5579,1777.607
62.0497,2234.413,542.6506,1776.608
62.2021,2210.966,541.8708,1775.603
62.3545,2241.942,541.322,1774.615
62.5069,2297.82,540.0464,1773.594
62.6593,2276.183,539.7441,1772.6
62.8117,2310.748,539.496,1771.603
62.9641,2288.275,539.8081,1770.589
63.1165,2217.592,541.1758,1769.562
63.2689,2280.051,540.552,1768.555
63.4213,2314.245,541.7303,1767.57
63.5737,2270.838,543.6427,1766.56
63.7261,2347.097,541.1407,1765.55
63.8785,2321.781,541.8965,1764.54
64.0309,2272.515,541.7719,1763.528
64.1833,2227.531,542.7827,1762.52
64.3357,2200.514,542.1469,1761.53
64.4881,2226.686,541.2389,1760.527
64.6405,2336.236,540.541,1759.532
64.7929,2209.597,541.649,1758.521
64.9453,2325.93,538.3831,1757.51
65.0977,2355.507,539.9541,1756.497
65.2501,2216.509,542.1727,1755.471
65.4025,2264.978,540.9771,1754.483
65.5549,2362.456,540.2256,1753.479
65.7073,2274.443,543.0665,1752.468
65.8597,2226.93,540.4104,1751.458
66.0121,2224.317,540.4104,1750.462
66.1645,2243.959,540.4079,1749.449
66.3169,2238.956,540.1072,1748.453
66.4693,2173.457,542.5272,1747.441
66.6217,2347.434,538.9395,1746.429
66.7741,2296.215,538.5883,1745.417
66.9265,2195.135,543.6055,1744.407
67.0789,2177.571,543.7632,1743.412
67.2313,2200.859,544.345,1742.417
67.3837,2272.063,543.2185,1741.406
67.5361,2209.369,542.8676,1740.411
67.6885,2294.36,542.2814,1739.4
67.8409,2402.557,542.2392,1738.418
67.9933,2248.011,544.472,1737.409
68.1457,2164.041,541.9119,1736.399
68.2981,2197.519,541.6296,1735.401
68.4505,2227.895,538.908,1734.391
68.6029,2261.962,543.9743,1733.38
68.7553,2194.966,543.8757,1732.37
68.9077,2324.1,541.3784,1731.374
69.0601,2320.87,539.444,1730.379
69.2125,2186.41,543.0935,1729.37
69.3649,2116.596,544.0212,1728.357
69.5173,2170.04,542.2792,1727.359
69.6697,2258.421,540.4153,1726.349
69.8221,2201.626,540.8577,1725.352
69.9745,2264.274,540.0259,1724.358
70.1269,2343.353,538.0784,1723.351
70.2793,2358,537.1798,1722.34
70.4317,2193.142,542.614,1721.314
70.5841,2110.773,544.068,1720.311
70.7365,2155.152,543.5944,1719.315
70.8889,2212.504,542.9899,1718.32
71.0413,2210.533,544.2413,1717.312
71.1937,2309.976,540.5439,1716.314
71.3461,2344.746,539.1912,1715.307
71.4985,2281.575,541.6639,1714.297
71.6509,2150.187,542.9892,1713.297
71.8033,2163.454,541.8326,1712.289
71.9557,2219.012,541.1071,1711.289
72.1081,2210.359,540.5887,1710.282
72.2605,2290.551,540.1971,1709.271
72.4129,2341.452,541.3707,1708.259
72.5653,2292.307,542.7679,1707.259
72.7177,2270.382,542.1228,1706.263
72.8701,2232.558,540.407,1705.257
73.0225,2242.069,539.5994,1704.246
73.1749,2274.619,539.2971,1703.236
73.3273,2303.357,539.1912,1702.224
73.4797,2317.824,538.8027,1701.222
73.6321,2289.782,539.3491,1700.216
73.7845,2251.475,540.5591,1699.204
73.9369,2278.477,541.396,1698.19
74.0893,2263.614,541.8201,1697.164
74.2417,2231.667,542.1298,1696.14
74.3941,2228.315,542.2392,1695.12
74.5465,2237.755,542.2392,1694.089
74.6989,2205.465,541.819,1693.053
74.8513,2244.708,541.6296,1692.029
75.0037,2250.682,540.7498,1691.009
75.1561,2221.151,540.6351,1689.978
75.3085,2310.174,540.256,1688.954
75.4609,2277.377,541.5125,1687.923
75.6133,2213.996,543.1319,1686.888
75.7657,2163.545,543.4584,1685.854
75.9181,2196.51,542.2125,1684.831
76.0705,2261.888,542.1887,1683.811
76.2229,2209.241,544.053,1682.778
76.3753,2226.577,542.2612,1681.756
76.5277,2282.144,540.3218,1680.724
76.6801,2192.876,540.3794,1679.687
76.8325,2297.198,539.853,1678.674
76.9849,2344.274,540.0843,1677.649
77.1373,2214.568,541.2589,1676.599
77.2897,2207,541.6182,1675.578
77.4421,2232.418,542.5236,1674.544
77.5945,2214.109,543.4531,1673.507
77.7469,2254.778,543.1506,1672.471
77.8993,2233.481,542.8406,1671.468
78.0517,2252.774,542.5182,1670.432
78.2041,2289.429,541.9344,1669.405
78.3565,2225.38,541.903,1668.392
78.5089,2306.633,541.357,1667.387
78.6613,2313.396,541.9513,1666.372
78.8137,2236.871,542.0491,1665.353
78.9661,2270.933,538.8864,1664.349
79.1185,2314.483,538.794,1663.328
79.2709,2257.372,537.4196,1662.307
79.4233,2215.193,538.374,1661.286
79.5757,2180.445,539.2797,1660.279
79.7281,2268.681,532.516,1659.256
79.8805,2221.745,541.3461,1658.22
80.0329,2214.75,541.4548,1657.201
80.1853,2334.96,539.2586,1656.182
80.3377,2252.878,540.1056,1655.176
80.4901,2178.154,540.1525,1654.155
80.6425,2180.795,540.7637,1653.132
80.7949,2194.199,541.3002,1652.11
80.9473,2242.579,541.0956,1651.09
81.0997,2249.672,541.96,1650.085
81.2521,2269.213,541.9224,1649.064
81.4045,2386.052,539.1172,1648.052
81.5569,2240.081,544.9514,1647.038
81.7093,2029.201,547.3898,1646.018
81.8617,2148.159,543.8679,1645.015
82.0141,2230.352,543.131,1644.009
82.1665,2260.632,554.1631,1642.988
82.3189,2241.524,550.7162,1641.975
82.4713,2196.115,541.8729,1640.976
82.6237,2312.589,541.3248,1639.955
82.7761,2297.364,541.4207,1638.948
82.9285,2213.154,542.1416,1637.916
83.0809,2335.569,541.3907,1636.926
83.2333,2299.443,542.0018,1635.903
83.3857,2286.547,542.4075,1634.884
83.5381,2144.505,541.3248,1633.878
83.6905,2062.371,541.2195,1632.856
83.8429,2134.557,540.3745,1631.836
83.9953,2245.492,540.2881,1630.837
84.1477,2219.774,541.2236,1629.82
84.3001,2329.226,538.6161,1628.784
84.4525,2333.629,541.2485,1627.764
84.6049,2249.558,542.8488,1626.747
84.7573,2221.707,542.731,1625.741
84.9097,2242.354,541.9344,1624.724
85.0621,2252.718,542.1759,1623.731
85.2145,2211.701,543.7224,1622.708
85.3669,2182.832,543.4584,1621.689
85.5193,2250.142,543.1642,1620.682
85.6717,2202.81,540.9004,1619.665
85.8241,2226.631,538.2335,1618.66
85.9765,2294.804,538.0596,1617.651
86.1289,2253.108,538.2721,1616.616
86.2813,2295.735,536.4928,1615.594
86.4337,2290.016,537.2979,1614.572
86.5861,2230.133,540.4564,1613.553
86.7385,2214,540.4367,1612.547
86.8909,2224.683,539.1224,1611.524
87.0433,2278.629,540.5056,1610.502
87.1957,2247.57,541.1646,1609.48
87.3481,2231.21,541.5441,1608.465
87.5005,2348.139,539.3478,1607.472
87.6529,2306.447,539.231,1606.451
87.8053,2211.419,542.5944,1605.431
87.9577,2159.175,542.9511,1604.409
88.1101,2175.487,543.5099,1603.389
88.2625,2236.24,543.5024,1602.372
88.4149,2266.633,542.925,1601.372
88.5673,2224.939,545.4019,1600.361
88.7197,2355.701,541.5759,1599.355
88.8721,2348.941,541.4878,1598.335
89.0245,2220.161,542.8433,1597.314
89.1769,2144.825,544.7043,1596.296
89.3293,2174.119,540.8271,1595.29
89.4817,2199.353,541.0412,1594.278
89.6341,2255.39,540.0299,1593.277
89.7865,2278.644,541.1355,1592.255
89.9389,2276.886,541.688,1591.233
90.0913,2348.193,541.9344,1590.211
90.2437,2333.007,541.9938,1589.196
90.3961,2222.783,542.8382,1588.202
90.5485,2103.086,543.4677,1587.18
90.7009,2376.843,536.5706,1586.164
90.8533,2415.177,538.955,1585.155
91.0057,2105.736,541.8163,1584.131
91.1581,2046.819,542.7324,1583.108
91.3105,2205.23,542.5733,1582.09
91.4629,2394.504,539.7022,1581.082
91.6153,2331.206,541.9526,1580.063
91.7677,2192.973,543.1536,1579.055
91.9201,2230.933,543.3505,1578.054
92.0725,2285.958,543.8693,1577.034
92.2249,2301.071,542.6862,1576.017
92.3773,2375.028,541.1545,1575.009
92.5297,2297.964,541.5616,1573.986
92.6821,2265.917,541.8035,1572.965
92.8345,2264.917,543.5273,1571.951
92.9869,2205.595,544.1102,1570.957
93.1393,2107.226,545.4976,1569.938
93.2917,2024.704,545.2844,1568.929
93.4441,2073.448,542.3104,1567.911
93.5965,2238.32,542.2562,1566.907
93.7489,2373.604,541.3972,1565.905
93.9013,2320.018,541.9212,1564.897
94.0537,2256.37,542.5553,1563.876
94.2061,2216.275,541.4073,1562.853
94.3585,2162.039,541.9821,1561.834
94.5109,2083.317,544.1689,1560.827
94.6633,2131.361,538.2048,1559.819
94.8157,2315.246,535.9907,1558.813
94.9681,2285.136,536.9151,1557.78
95.1205,2242.321,541.9497,1556.754
95.2729,2232,544.9892,1555.72
95.4253,2185.344,544.7194,1554.704
95.5777,2273.323,540.9293,1553.709
95.7301,2350.986,540.3586,1552.706
95.8825,2321.101,542.2553,1551.684
96.0349,2258.252,543.7994,1550.667
96.1873,2137.777,545.1848,1549.657
96.3397,2038.126,543.1675,1548.645
96.4921,2140.678,541.045,1547.649
96.6445,2236.259,541.436,1546.629
96.7969,2331.901,540.1892,1545.612
96.9493,2410.239,540.9986,1544.599
97.1017,2279.449,542.544,1543.569
97.2541,2246.408,542.9702,1542.564
97.4065,2184.692,544.1538,1541.554
97.5589,2028.27,544.7185,1540.537
97.7113,1957.988,544.9827,1539.528
97.8637,2088.154,542.6703,1538.512
98.0161,2282.67,540.3632,1537.503
98.1685,2274.035,539.496,1536.487
98.3209,2297.144,539.5851,1535.477
98.4733,2330.108,540.2495,1534.456
98.6257,2266.7,541.3248,1533.436
98.7781,2154.134,541.5976,1532.415
98.9305,2134.868,542.696,1531.394
99.0829,2227.939,543.1194,1530.38
99.2353,2270.725,541.537,1529.378
99.3877,2329.249,541.2317,1528.367
99.5401,2297.486,541.5822,1527.357
99.6925,2236.909,542.6604,1526.336
99.8449,2231.868,542.429,1525.314
99.9973,2222.239,542.9442,1524.304
100.1497,2225.362,542.1943,1523.306
100.3021,2303.701,540.5883,1522.284
100.4545,2274.604,541.8237,1521.263
100.6069,2219.585,541.9467,1520.246
100.7593,2300.977,541.8153,1519.239
100.9117,2271.162,542.8488,1518.226
101.0641,2200.482,541.3605,1517.216
101.2165,2308.031,538.2768,1516.207
101.3689,2349.643,538.7793,1515.18
101.5213,2288.354,539.8008,1514.153
101.6737,2283.665,539.5977,1513.148
101.8261,2284.64,539.9068,1512.131
101.9785,2263.2,541.8381,1511.106
102.1309,2249.849,542.1265,1510.097
102.2833,2306.685,540.4041,1509.077
102.4357,2343.574,539.4876,1508.056
102.5881,2272.147,539.725,1507.034
102.7405,2277.358,541.0085,1506.021
102.8929,2330.606,541.1526,1505.019
103.0453,2286.464,542.1178,1504.002
103.1977,2269.914,540.5759,1502.981
103.3501,2254.27,539.8373,1501.959
103.5025,2237.084,540.2615,1500.938
103.6549,2299.423,539.7568,1499.923
103.8073,2283.389,542.5283,1498.912
103.9597,2273.579,542.9175,1497.891
104.1121,2350.607,539.5798,1496.877
104.2645,2284.581,539.8575,1495.867
104.4169,2221.072,541.4669,1494.845
104.5693,2227.544,541.7905,1493.829
104.7217,2246.729,541.6961,1492.817
104.8741,2169.199,542.7356,1491.794
105.0265,2167.28,542.4301,1490.779
105.1789,2210.981,542.0102,1489.77
105.3313,2240.059,538.754,1488.75
105.4837,2370.721,532.5057,1487.736
105.6361,2393.703,534.6926,1486.726
105.7885,2235.473,542.5892,1485.698
105.9409,2119.543,543.7396,1484.664
106.0933,2061.656,545.0311,1483.654
106.2457,1982.653,545.4737,1482.652
106.3981,2044.184,544.6927,1481.638
106.5505,2252.595,543.4047,1480.634
106.7029,2290.665,544.1689,1479.624
106.8553,2275.824,542.9465,1478.61
107.0077,2387.368,537.1228,1477.599
107.1601,2363.429,537.4219,1476.581
107.3125,2274.089,540.9012,1475.568
107.4649,2190.603,543.527,1474.551
107.6173,2118.972,544.9824,1473.528
107.7697,2037.681,545.1064,1472.519
107.9221,2015.289,545.1627,1471.516
108.0745,2115.532,545.1076,1470.501
108.2269,2199.871,544.0308,1469.499
108.3793,2269.664,540.5994,1468.49
108.5317,2369.801,537.1365,1467.47
108.6841,2299.475,536.6797,1466.448
108.8365,2213.23,540.066,1465.432
108.9889,2169.049,542.801,1464.418
109.1413,2173.05,544.1868,1463.396
109.2937,2172.094,545.4623,1462.382
109.4461,2104.31,545.157,1461.378
109.5985,2083.925,544.7208,1460.367
109.7509,2196.387,544.7667,1459.353
109.9033,2316.93,543.7059,1458.349
110.0557,2365.64,541.6296,1457.344
110.2081,2304.697,541.3636,1456.332
110.3605,2253.171,541.9543,1455.311
110.5129,2273.856,543.1536,1454.29
110.6653,2308.025,542.8843,1453.283
110.8177,2205.402,542.8143,1452.281
110.9701,2186.985,543.0178,1451.266
111.1225,2301.388,542.8488,1450.254
111.2749,2293.057,543.1227,1449.233
111.4273,2285.974,542.6338,1448.219
111.5797,2346.848,541.3536,1447.215
111.7321,2330.977,540.7427,1446.203
111.8845,2277.134,540.6886,1445.183
112.0369,2281.793,541.2994,1444.168
112.1893,2243.696,541.7699,1443.155
112.3417,2210.879,542.0752,1442.141
112.4941,2242.022,542.8043,1441.129
112.6465,2262.375,543.3165,1440.116
112.7989,2280.563,543.2961,1439.104
112.9513,2261.572,543.1722,1438.083
113.1037,2311.896,542.4178,1437.069
113.2561,2335.385,542.0787,1436.057
113.4085,2276.653,542.384,1435.045
113.5609,2228.17,543.4161,1434.04
113.7133,2160.321,544.0809,1433.026
113.8657,2113.57,543.9096,1432.011
114.0181,2143.8,544.6557,1431.005
114.1705,2119.957,544.5496,1430
114.3229,2179.918,542.8744,1428.989
114.4753,2302.263,542.3802,1427.977
114.6277,2283.607,542.252,1426.965
114.7801,2298.727,541.33,1425.943
114.9325,2302.561,542.2233,1424.921
115.0849,2260.485,542.2513,1423.917
115.2373,2284.366,541.4745,1422.912
115.3897,2284.545,542.2386,1421.891
115.5421,2255.492,542.544,1420.869
115.6945,2228.396,543.3099,1419.864
115.8469,2140.898,544.8369,1418.859
115.9993,2117.006,543.5866,1417.846
116.1517,2213.381,541.4747,1416.834
116.3041,2324.125,541.3248,1415.823
116.4565,2367.233,541.7927,1414.81
116.6089,2339.578,542.8649,1413.788
116.7613,2285.876,543.1443,1412.774
116.9137,2248.447,542.691,1411.768
117.0661,2234.022,543.0187,1410.754
117.2185,2262.647,542.8231,1409.733
117.3709,2291.108,542.0798,1408.72
117.5233,2213.222,543.3736,1407.707
117.6757,2196.306,543.2341,1406.695
117.8281,2329.382,539.8414,1405.691
117.9805,2390.324,539.2647,1404.678
118.1329,2317.23,542.1932,1403.657
118.2853,2225.235,543.4379,1402.635
118.4377,2138.252,543.6434,1401.627
118.5901,2118.027,543.2493,1400.622
118.7425,2177.952,542.8725,1399.614
118.8949,2219.479,541.837,1398.6
119.0473,2288.167,540.3861,1397.581
119.1997,2358.723,540.1056,1396.572
119.3521,2333.112,539.6127,1395.562
119.5045,2282.29,539.8484,1394.552
119.6569,2230.812,541.7246,1393.539
119.8093,2220.558,542.5203,1392.518
119.9617,2278.34,542.2392,1391.497
120.1141,2290.444,543.2247,1390.487
120.2665,2268.767,543.5753,1389.485
120.4189,2264.922,543.1536,1388.484
120.5713,2307.641,542.1683,1387.473
120.7237,2340.693,541.3248,1386.463
120.8761,2323.003,540.8326,1385.451
121.0285,2354.062,540.5745,1384.431
121.1809,2348.476,541.6996,1383.42
121.3333,2286.166,542.3799,1382.409
121.4857,2232.245,542.5673,1381.39
121.6381,2196.39,543.5049,1380.371
121.7905,2177.699,544.068,1379.36
121.9429,2158.86,543.7402,1378.358
122.0953,2185.924,543.4584,1377.355
122.2477,2300.345,541.8209,1376.344
122.4001,2360.106,540.9017,1375.335
122.5525,2295.24,541.8164,1374.314
122.7049,2254.375,542.2392,1373.296
122.8573,2226.21,542.0754,1372.284
123.0097,2145.865,542.7535,1371.264
123.1621,2100.463,543.2946,1370.262
123.3145,2186.991,543.3173,1369.258
123.4669,2265.22,544.6033,1368.249
123.6193,2293.754,543.6295,1367.238
123.7717,2303.659,541.9344,1366.228
123.9241,2300.511,541.9344,1365.226
124.0765,2291.442,543.2426,1364.214
124.2289,2231.868,543.0648,1363.194
124.3813,2235.45,541.7709,1362.182
124.5337,2303.597,540.9752,1361.17
124.6861,2345.016,541.3912,1360.151
124.8385,2306.551,541.7491,1359.149
124.9909,2174.118,544.1014,1358.146
125.1433,2109.253,544.2198,1357.127
125.2957,2147.933,543.0557,1356.117
125.4481,2268.908,542.1301,1355.106
125.6005,2354.143,541.3683,1354.087
125.7529,2320.106,542.4243,1353.067
125.9053,2284.179,542.5223,1352.065
126.0577,2232.898,541.0972,1351.061
126.2101,2089.851,542.0617,1350.042
126.3625,1977.468,543.2742,1349.032
126.5149,2065.106,544.6432,1348.029
126.6673,2214.117,543.4288,1347.026
126.8197,2291.967,541.02,1346.014
126.9721,2323.351,555.0453,1344.994
127.1245,2330.14,556.1431,1343.974
127.2769,2318.09,545.528,1342.963
127.4293,2261.097,544.6776,1341.961
127.5817,2132.8,545.166,1340.958
127.7341,2108.947,544.4523,1339.946
127.8865,2216.35,541.5049,1338.937
128.0389,2306.919,539.8008,1337.926
128.1913,2333.592,540.6146,1336.906
128.3437,2306.106,539.2089,1335.904
128.4961,2269.9,540.7828,1334.899
128.6485,2197.294,543.7632,1333.871
128.8009,2255.378,542.6241,1332.854
128.9533,2305.724,542.1174,1331.844
129.1057,2272.868,541.731,1330.825
129.2581,2325.471,541.6703,1329.823
129.4105,2334.464,542.0766,1328.818
129.5629,2276.667,542.2595,1327.798
129.7153,2244.067,542.0563,1326.779
129.8677,2253.998,541.7921,1325.769
130.0201,2241.337,541.9344,1324.762
130.1725,2289.982,541.6094,1323.75
130.3249,2314.108,541.9744,1322.734
130.4773,2308.237,542.8688,1321.723
130.6297,2341.523,542.5042,1320.712
130.7821,2316.505,541.9344,1319.694
130.9345,2315.698,541.772,1318.684
131.0869,2321.358,542.1166,1317.681
131.2393,2301.272,542.544,1316.669
131.3917,2295.337,542.544,1315.658
131.5441,2256.256,542.544,1314.646
131.6965,2238.898,542.3818,1313.635
131.8489,2210.531,544.6699,1312.633
132.0013,2141.569,544.0564,1311.622
132.1537,2258.125,541.4676,1310.612
132.3061,2325.399,541.9729,1309.601
132.4585,2288.491,541.8954,1308.58
132.6109,2322.68,541.649,1307.561
132.7633,2324.575,542.0965,1306.551
132.9157,2316.318,541.1045,1305.548
133.0681,2275.299,542.0493,1304.536
133.2205,2156.416,545.5435,1303.516
133.3729,2139.035,543.5555,1302.506
133.5253,2224.818,540.8959,1301.495
133.6777,2293.447,539.8685,1300.494
133.8301,2313.976,538.7434,1299.491
133.9825,2297.507,541.1516,1298.463
134.1349,2268.769,543.4772,1297.444
134.2873,2262.169,543.4407,1296.435
134.4397,2225.573,544.0862,1295.435
134.5921,2129.118,545.4172,1294.462
134.7445,2151.942,543.6116,1293.502
134.8969,2284.153,541.0873,1292.531
135.0493,2300.054,541.5159,1291.547
135.2017,2267.655,541.2216,1290.562
135.3541,2298.383,541.2986,1289.579
135.5065,2282.083,541.9344,1288.603
135.6589,2286.891,542.0064,1287.629
135.8113,2272.409,542.3007,1286.658
135.9637,2203.064,542.2886,1285.677
136.1161,2265.677,541.1016,1284.705
136.2685,2283.801,541.6601,1283.72
136.4209,2293.956,541.8143,1282.736
136.5733,2333.411,540.0958,1281.767
136.7257,2255.201,539.8015,1280.783
136.8781,2301.263,539.8008,1279.798
137.0305,2297.428,540.3669,1278.815
137.1829,2256.731,540.9559,1277.831
137.3353,2319.98,541.02,1276.86
137.4877,2310.333,541.5239,1275.878
137.6401,2245.779,542.5957,1274.907
137.7925,2289.923,540.9992,1273.926
137.9449,2313.346,541.0727,1272.942
138.0973,2286.028,541.535,1271.957
138.2497,2294.644,540.83,1270.983
138.4021,2286.727,541.5474,1270.004
138.5545,2284.991,541.7018,1269.029
138.7069,2313.59,540.4811,1268.05
138.8593,2281.125,541.3843,1267.074
139.0117,2290.828,540.6293,1266.098
139.1641,2368.506,538.6895,1265.114
139.3165,2368.898,539.8268,1264.131
139.4689,2341.442,540.4821,1263.153
139.6213,2304.141,540.6366,1262.178
139.7737,2224,541.2465,1261.193
139.9261,2266.05,540.4104,1260.209
140.0785,2392.948,540.2604,1259.231
140.2309,2412.985,539.736,1258.253
140.3833,2242.386,540.2029,1257.269
140.5357,2117.188,543.2398,1256.288
140.6881,2187.289,541.6336,1255.317
140.8405,2226.267,539.1912,1254.333
140.9929,2377.125,539.1026,1253.348
141.1453,2379.199,537.1008,1252.371
141.2977,2270.007,542.9914,1251.394
141.4501,2243.526,543.4398,1250.409
141.6025,2178.635,544.0102,1249.424
141.7549,2147.635,543.8027,1248.439
141.9073,2235.99,543.2534,1247.468
142.0597,2268.435,543.6425,1246.5
142.2121,2262.015,541.1879,1245.532
142.3645,2403.676,538.8435,1244.552
142.5169,2383.884,539.5573,1243.568
142.6693,2312.36,539.9025,1242.582
142.8217,2237.687,541.9183,1241.602
142.9741,2147.467,543.1536,1240.624
143.1265,2093.358,543.8402,1239.653
143.2789,2131.058,543.5602,1238.672
143.4313,2203.405,543.649,1237.67
143.5837,2273.252,541.2805,1236.649
143.7361,2353.881,538.9125,1235.639
143.8885,2349.759,539.6953,1234.626
144.0409,2275.022,540.2762,1233.588
144.1933,2284.646,541.1036,1232.552
144.3457,2276.004,542.1576,1231.524
144.4981,2313.96,541.294,1230.505
144.6505,2320.365,539.6852,1229.493
144.8029,2280.542,540.2941,1228.472
144.9553,2299.915,541.7658,1227.444
145.1077,2279.772,542.2392,1226.416
145.2601,2261.402,542.8143,1225.399
145.4125,2364.066,541.5995,1224.378
145.5649,2371.232,541.5032,1223.355
145.7173,2300.765,542.3337,1222.335
145.8697,2286.626,542.7463,1221.32
146.0221,2288.312,542.4391,1220.297
146.1745,2218.903,542.2392,1219.28
146.3269,2176.655,542.029,1218.257
146.4793,2276.021,541.9344,1217.24
146.6317,2340.093,541.9344,1216.216
146.7841,2337.986,541.9344,1215.201
146.9365,2289.832,541.0516,1214.178
147.0889,2355.799,540.2685,1213.151
147.2413,2373.39,541.01,1212.135
147.3937,2299.265,541.5533,1211.11
147.5461,2296.485,540.7046,1210.094
147.6985,2253.123,541.1121,1209.069
147.8509,2270.583,540.8519,1208.041
148.0033,2341.171,539.998,1207.013
148.1557,2357.207,540.0426,1205.998
148.3081,2295.25,541.5722,1204.974
148.4605,2374.007,541.4404,1203.947
148.6129,2289.463,541.8243,1202.932
148.7653,2252.75,541.6819,1201.906
148.9177,2383.013,541.6296,1200.877
149.0701,2321.964,543.6901,1199.863
149.2225,2322.229,540.6835,1198.838
149.3749,2359.481,540.1056,1197.827
149.5273,2344.094,539.8401,1196.8
149.6797,2344.519,538.7284,1195.771
149.8321,2267.738,538.8523,1194.742
149.9845,2126.212,542.712,1193.728
150.1369,2208.815,542.6015,1192.701
150.2893,2284.877,543.9384,1191.673
150.4417,2306.687,540.693,1190.661
150.5941,2436.599,539.2743,1189.651
150.7465,2417.789,539.1912,1188.624
150.8989,2276.522,540.348,1187.58
151.0513,2266.128,542.1611,1186.565
151.2037,2184.813,543.4175,1185.552
151.3561,2069.967,542.2706,1184.525
151.5085,2214.514,540.4407,1183.496
151.6609,2322.14,540.7127,1182.495
151.8133,2298.052,540.4106,1181.476
151.9657,2451.443,541.0229,1180.448
152.1181,2394.126,541.3248,1179.421
152.2705,2399.909,541.3331,1178.391
152.4229,2358.622,541.6935,1177.363
152.5753,2292.469,543.8221,1176.335
152.7277,2284.475,551.3831,1175.339
152.8801,2348.65,545.6733,1174.312
153.0325,2364.721,542.2392,1173.284
153.1849,2244.81,542.152,1172.276
153.3373,2354.112,540.728,1171.28
153.4897,2288.109,540.9868,1170.285
153.6421,2294.467,539.7509,1169.298
153.7945,2487.599,535.8465,1168.311
153.9469,2377.868,540.3342,1167.29
154.0993,2243.289,543.363,1166.284
154.2517,2240.908,543.7492,1165.278
154.4041,2172.422,542.3315,1164.289
154.5565,2015.409,546.4674,1163.3
154.7089,2132.141,543.2076,1162.298
154.8613,2434.23,539.0278,1161.31
155.0137,2339.49,539.6547,1160.308
155.1661,2379.167,539.8008,1159.303
155.3185,2365.024,540.3195,1158.299
155.4709,2330.896,541.4299,1157.309
155.6233,2356.22,541.1288,1156.307
155.7757,2387.208,540.774,1155.303
155.9281,2305.845,541.6812,1154.298
156.0805,2295.443,541.6973,1153.293
156.2329,2361.57,541.397,1152.315
156.3853,2378.755,541.3248,1151.318
156.5377,2329.57,540.2065,1150.315
156.6901,2270.322,540.0198,1149.312
156.8425,2277.241,539.4616,1148.307
156.9949,2362.828,538.5609,1147.313
157.1473,2323.425,539.9227,1146.302
157.2997,2303.843,540.514,1145.314
157.4521,2352.003,540.2137,1144.322
157.6045,2346.885,540.1056,1143.317
157.7569,2265.71,540.4811,1142.313
157.9093,2184.111,540.8985,1141.308
158.0617,2234.441,540.8412,1140.313
158.2141,2314.17,538.9716,1139.315
158.3665,2392.643,537.4973,1138.319
158.5189,2413.404,537.197,1137.322
158.6713,2385.723,536.7359,1136.309
158.8237,2333.792,538.794,1135.296
158.9761,2263.577,543.2991,1134.29
159.1285,2163.064,547.655,1133.293
159.2809,2200.207,545.2864,1132.306
159.4333,2404.309,540.1056,1131.32
159.5857,2404.285,541.1774,1130.319
159.7381,2236.36,542.544,1129.309
159.8905,2169.309,541.9187,1128.317
160.0429,2198.87,542.3466,1127.325
160.1953,2194.9,544.2567,1126.326
160.3477,2121.993,544.6264,1125.333
160.5001,2137.148,542.4826,1124.336
160.6525,2318.708,537.3689,1123.344
160.8049,2389,538.6797,1122.34
160.9573,2368.697,539.449,1121.334
161.1097,2318.028,540.8043,1120.329
161.2621,2331.559,540.8506,1119.325
161.4145,2371.155,540.3302,1118.326
161.5669,2285.809,540.1056,1117.334
161.7193,2272.31,540.1769,1116.333
161.8717,2334.921,540.4772,1115.34
162.0241,2345.153,540.6528,1114.336
162.1765,2298.439,540.4683,1113.332
162.3289,2257.602,540.8756,1112.328
162.4813,2182.722,541.3846,1111.326
162.6337,2324.009,540.2391,1110.336
162.7861,2349.041,541.0997,1109.332
162.9385,2262.681,541.3506,1108.331
163.0909,2409.575,539.3829,1107.362
163.2433,2343.228,541.6406,1106.387
163.3957,2269.563,541.9321,1105.419
163.5481,2245.266,541.0663,1104.451
163.7005,2221.349,542.4008,1103.476
163.8529,2235.404,541.7545,1102.515
164.0053,2406.259,538.3773,1101.542
164.1577,2411.92,537.4304,1100.568
164.3101,2340.605,540.4948,1099.592
164.4625,2267.494,542.0823,1098.574
164.6149,2300.164,541.7687,1097.528
164.7673,2286.188,541.6296,1096.48
164.9197,2233.383,543.652,1095.445
165.0721,2356.978,539.8841,1094.4
165.2245,2368.355,538.6505,1093.351
165.3769,2312.984,538.5816,1092.317
165.5293,2375.073,538.0057,1091.268
165.6817,2330.304,540.0499,1090.218
165.8341,2315.23,539.7998,1089.168
165.9865,2386.641,539.5256,1088.121
166.1389,2345.453,540.3363,1087.09
166.2913,2345.816,539.1089,1086.043
166.4437,2427.657,538.6017,1084.993
166.5961,2363.557,541.02,1083.942
166.7485,2302.661,541.2884,1082.894
166.9009,2260.076,543.1068,1081.853
167.0533,2231.035,544.5748,1080.814
167.2057,2332.843,541.2782,1079.775
167.3581,2411.888,538.404,1078.733
167.5105,2367.176,537.4834,1077.683
167.6629,2322.522,538.1527,1076.639
167.8153,2285.839,541.9012,1075.601
167.9677,2324.193,541.856,1074.552
168.1201,2379.974,540.2775,1073.512
168.2725,2329.821,540.1056,1072.473
168.4249,2214.944,541.309,1071.423
168.5773,2123.24,543.1808,1070.374
168.7297,2272.354,539.5632,1069.334
168.8821,2421.498,537.027,1068.294
169.0345,2366.247,538.9662,1067.245
169.1869,2209.882,539.8008,1066.197
169.3393,2151.665,540.0039,1065.148
169.4917,2232.919,539.6815,1064.104
169.6441,2326.396,539.9376,1063.064
169.7965,2366.327,538.7279,1062.017
169.9489,2376.692,540.1835,1060.968
170.1013,2386.921,540.7152,1059.917
170.2537,2299.17,540.4593,1058.869
170.4061,2259.416,541.2047,1057.835
170.5585,2387.878,538.5903,1056.804
170.7109,2404.853,539.4061,1055.756
170.8633,2339.07,540.6609,1054.705
171.0157,2304.488,541.9158,1053.655
171.1681,2233.474,542.8328,1052.622
171.3205,2271.967,541.6425,1051.575
171.4729,2338.141,541.7381,1050.544
171.6253,2331.001,539.1302,1049.497
171.7777,2360.284,538.6997,1048.448
171.9301,2327.929,539.496,1047.401
172.0825,2387.289,539.5529,1046.365
172.2349,2324.545,540.0633,1045.317
172.3873,2229.474,540.871,1044.268
172.5397,2164.362,540.3272,1043.22
172.6921,2212.237,539.6454,1042.172
172.8445,2340.273,538.5816,1041.128
172.9969,2384.842,539.2391,1040.09
173.1493,2423.635,540.7654,1039.041
173.3017,2383.883,541.4521,1037.992
173.4541,2312.687,541.6296,1036.951
173.6065,2254.475,541.7744,1035.919
173.7589,2265.583,543.0096,1034.87
173.9113,2334.072,540.4954,1033.823
174.0637,2451.262,537.1913,1032.792
174.2161,2447.501,537.7775,1031.74
174.3685,2433.146,537.3333,1030.684
174.5209,2413.005,538.7281,1029.635
174.6733,2322.266,540.4196,1028.592
174.8257,2354.336,539.4246,1027.552
174.9781,2416.514,538.8864,1026.506
175.1305,2347.322,539.3517,1025.458
175.2829,2380.651,539.2545,1024.408
175.4353,2403.39,539.4415,1023.359
175.5877,2285.118,539.7551,1022.316
175.7401,2372.963,538.1937,1021.277
175.8925,2444.288,537.972,1020.231
176.0449,2300.187,538.5428,1019.183
176.1973,2418.519,537.1089,1018.133
176.3497,2426.979,537.3608,1017.067
176.5021,2307.947,541.281,1016.018
176.6545,2428.576,539.4001,1014.988
176.8069,2428.724,537.866,1013.939
176.9593,2308.929,540.1056,1012.89
177.1117,2276.418,539.9783,1011.841
177.2641,2295.668,539.2938,1010.791
177.4165,2371.896,539.8008,1009.744
177.5689,2336.154,539.5942,1008.708
177.7213,2303.073,538.6536,1007.661
177.8737,2316.985,538.0584,1006.613
178.0261,2350.098,537.801,1005.565
178.1785,2410.294,536.8568,1004.516
178.3309,2362.619,538.7485,1003.466
178.4833,2280.62,541.3865,1002.416
178.6357,2246.633,541.4109,1001.373
178.7881,2194.833,541.9344,1000.333
178.9405,2222.454,541.6387,999.3016
179.0929,2317.149,539.6002,998.2626
179.2453,2372.294,537.6409,997.2162
179.3977,2435.765,537.188,996.1656
179.5501,2433.351,537.6069,995.1086
179.7025,2385.592,537.7801,994.0588
179.8549,2327.798,538.6656,993.0125
180.0073,2245.403,540.8149,991.981
180.1597,2189.211,541.6296,990.9575
180.3121,2220.475,540.808,989.9461
180.4645,2296.939,540.2037,988.9287
180.6169,2366.007,540.1056,987.9053
180.7693,2414.146,538.8502,986.8818
180.9217,2433.216,538.0663,985.869
181.0741,2401.249,538.8194,984.8495
181.2265,2318.91,538.9782,983.8264
181.3789,2257.662,541.0292,982.8035
181.5313,2239.759,541.5035,981.7804
181.6837,2274.971,540.8914,980.7567
181.8361,2330.744,540.2794,979.7454
181.9885,2356.347,539.4482,978.7391
182.1409,2343.376,538.5303,977.7209
182.2933,2294.11,539.6063,976.6974
182.4457,2406.614,538.5464,975.674
182.5981,2459.145,538.868,974.6377
182.7505,2391.503,539.8672,973.6222
182.9029,2274.853,539.8791,972.6034
183.0553,2192.93,540.7119,971.5792
183.2077,2145.205,541.02,970.5554
183.3601,2235.535,540.5592,969.5433
183.5125,2397.18,540.4104,968.5367
183.6649,2457.866,540.6433,967.5167
183.8173,2367.25,540.2471,966.4932
183.9697,2263.882,541.5175,965.4697
184.1221,2165.969,543.8262,964.4465
184.2745,2322.63,548.4147,963.4231
184.4269,2455.3,568.189,962.4132
184.5793,2383.437,546.4274,961.4061
184.7317,2320.756,539.6743,960.3853
184.8841,2311.796,539.3155,959.3483
185.0365,2219.153,541.3868,958.3206
185.1889,2208.062,542.4246,957.3104
185.3413,2208.575,542.2976,956.2899
185.4937,2301.394,540.5065,955.2803
185.6461,2316.469,540.1056,954.2605
185.7985,2279.736,540.1056,953.2382
185.9509,2403.896,537.8442,952.2146
186.1033,2443.602,538.3728,951.1898
186.2557,2436.002,539.5974,950.1785
186.4081,2408.894,539.8008,949.157
186.5605,2319.047,540.5699,948.133
186.7129,2252.269,542.7769,947.1103
186.8653,2236.206,540.3063,946.0889
187.0177,2419.355,539.0204,945.0803
187.1701,2417.569,538.8864,944.0588
187.3225,2316.376,540.9871,943.0334
187.4749,2310.517,541.5885,942.0091
187.6273,2341.562,540.8346,940.9851
187.7797,2340.761,539.6506,939.9775
187.9321,2388.259,539.496,938.9577
188.0845,2373.853,538.9589,937.9506
188.2369,2372.771,538.3466,936.9288
188.3893,2380.113,538.2768,935.9051
188.5417,2329.183,538.5491,934.8807
188.6941,2391.233,539.1289,933.8567
188.8465,2444.975,538.3669,932.833
188.9989,2391.983,540.2109,931.8232
189.1513,2340.488,540.6879,930.801
189.3037,2224.423,542.109,929.7771
189.4561,2244.301,540.5599,928.7548
189.6085,2333.72,538.7233,927.731
189.7609,2373.417,538.2993,926.7234
189.9133,2317.376,537.9932,925.7013
190.0657,2419.496,537.6873,924.694
190.2181,2441.078,539.0975,923.6557
190.3705,2411.851,539.7655,922.6315
190.5229,2340.906,542.1087,921.6071
190.6753,2240.009,541.9493,920.5988
190.8277,2237.864,541.9344,919.5768
190.9801,2277.314,541.3499,918.5539
191.1325,2352.149,540.1513,917.5471
191.2849,2382.072,539.5162,916.5233
191.4373,2414.055,539.496,915.4996
191.5897,2402.327,538.9017,914.4918
191.7421,2364.789,539.7818,913.4682
191.8945,2331.541,540.7003,912.4442
192.0469,2347.783,540.4143,911.421
192.1993,2340.067,540.4104,910.397
192.3517,2285.264,539.8037,909.3739
192.5041,2406.949,537.9727,908.3665
192.6565,2430.578,539.1973,907.3425
192.8089,2324.379,540.7152,906.3193
192.9613,2242.151,540.7079,905.2953
193.1137,2171.627,540.1483,904.2724
193.2661,2150.69,542.7941,903.2646
193.4185,2283.824,540.0984,902.2409
193.5709,2319.06,539.7668,901.233
193.7233,2360.853,538.4952,900.2104
193.8757,2505.658,535.9915,899.1869
194.0281,2385.722,540.1537,898.1491
194.1805,2302.185,541.2847,897.1342
194.3329,2217.291,540.3959,896.118
194.4853,2189.385,540.0739,895.0925
194.6377,2308.908,539.4438,894.0684
194.7901,2362.035,538.6186,893.0623
194.9425,2434.085,539.2111,892.0403
195.0949,2346.46,539.5169,891.0313
195.2473,2306.235,539.823,889.991
195.3997,2234.226,540.0355,888.9673
195.5521,2256.043,539.1666,887.9448
195.7045,2337.777,538.9122,886.938
195.8569,2363.136,539.0828,885.9236
196.0093,2419.519,538.1131,884.908
196.1617,2349.604,539.496,883.8814
196.3141,2295.029,539.4347,882.8422
196.4665,2336.746,538.9504,881.8258
196.6189,2303.427,539.5293,880.8092
196.7713,2284.542,539.4565,879.787
196.9237,2484.441,536.7528,878.7651
197.0761,2411.414,536.9003,877.7432
197.2285,2343.611,538.2776,876.7164
197.3809,2295.225,540.4495,875.6791
197.5333,2238.262,540.6423,874.6809
197.6857,2356.055,540.2538,873.683
197.8381,2337.7,541.447,872.6873
197.9905,2339.305,539.1432,871.6934
198.1429,2432.284,538.3136,870.7137
198.2953,2345.086,539.4816,869.7165
198.4477,2355.84,537.6937,868.7188
198.6001,2446.606,538.2548,867.7368
198.7525,2361.562,539.1371,866.7249
198.9049,2326.587,540.592,865.7264
199.0573,2323.104,540.9883,864.7303
199.2097,2285.4,541.2866,863.7475
199.3621,2273.188,544.1797,862.7534
199.5145,2135.101,542.4016,861.7702
199.6669,2242.55,539.4752,860.7777
199.8193,2464.812,537.213,859.7822
199.9717,2442.324,539.0754,858.7864
200.1241,2341.337,540.0262,857.7896
200.2765,2273.8,540.1056,856.8036
200.4289,2171.796,540.1056,855.811
200.5813,2088.9,541.5418,854.8134
200.7337,2163.278,541.0495,853.8168
200.8861,2316.172,538.6866,852.8202
201.0385,2433.557,537.2979,851.8296
201.1909,2441.233,538.4808,850.8417
201.3433,2359.951,539.496,849.8483
201.4957,2290.904,539.496,848.8505
201.6481,2226.544,539.8109,847.8531
201.8005,2219.088,540.2562,846.8601
201.9529,2286.616,540.1227,845.8712
202.1053,2303.122,540.2118,844.8783
202.2577,2322.328,539.2817,843.8806
202.4101,2397.639,537.6094,842.8845
202.5625,2382.886,538.0887,841.8889
202.7149,2359.703,537.9471,840.8928
202.8673,2429.774,538.1194,839.8858
203.0197,2369.76,539.6136,838.8452
203.1721,2293.317,539.9309,837.776
203.3245,2243.715,540.2482,836.7037
203.4769,2176.118,542.7352,835.6505
203.6293,2299.01,540.6295,834.6071
203.7817,2432.164,537.4174,833.5544
203.9341,2411.087,537.2826,832.4837
204.0865,2444.73,537.0576,831.4169
204.2389,2397.979,537.275,830.3558
204.3913,2382.567,537.1327,829.2951
204.5437,2444.222,535.8464,828.2469
204.6961,2410.552,539.6072,827.1748
204.8485,2387.865,540.6773,826.1108
205.0009,2295.309,540.9944,825.0496
205.1533,2259.24,543.0624,823.9881
205.3057,2388.695,539.2004,822.9453
205.4581,2358.517,539.7534,821.8843
205.6105,2399.094,538.4849,820.8249
205.7629,2425.24,537.3992,819.7781
205.9153,2369.618,537.6181,818.7167
206.0677,2451.607,537.3008,817.6547
206.2201,2427.479,537.6509,816.5931
206.3725,2332.223,539.496,815.5303
206.5249,2263.285,540.0902,814.4603
206.6773,2238.141,540.5454,813.3936
206.8297,2393.125,538.6966,812.3433
206.9821,2454.732,537.972,811.3007
207.1345,2381.276,538.7146,810.2435
207.2869,2295.605,539.496,809.1734
207.4393,2197.507,539.496,808.1045
207.5917,2149.024,540.0536,807.043
207.7441,2214.854,539.8156,805.9926
207.8965,2426.44,537.8788,804.9778
208.0489,2510.081,538.6501,803.9753
208.2013,2398.354,539.3017,802.9615
208.3537,2312.354,539.9499,801.9507
208.5061,2276.159,540.9651,800.9559
208.6585,2283.883,542.2261,799.9575
208.8109,2374.442,541.0935,798.9632
208.9633,2430,539.1173,797.9667
209.1157,2403.29,538.4155,796.9641
209.2681,2338.091,538.1153,795.9614
209.4205,2255.256,538.2855,794.9582
209.5729,2301.306,538.2775,793.9629
209.7253,2414.175,538.1194,792.9591
209.8777,2396.938,539.1328,791.9456
210.0301,2346.641,540.7961,790.9404
210.1825,2338.435,541.4962,789.9365
210.3349,2259.906,541.4535,788.9406
210.4873,2118.027,542.1256,787.9476
210.6397,2111.281,542.133,786.9509
210.7921,2265.54,554.2004,785.9568
210.9445,2358.427,562.2227,784.946
211.0969,2374.688,537.4567,783.9368
211.2493,2424.074,537.3592,782.9445
211.4017,2389.25,538.1636,781.9423
211.5541,2345.794,538.3994,780.9391
211.7065,2342.344,538.577,779.9344
211.8589,2321.391,540.8412,778.9293
212.0113,2316.494,544.6992,777.929
212.1637,2319.997,551.832,776.9423
212.3161,2343.552,557.039,775.957
212.4685,2381.817,556.4384,774.9736
212.6209,2422.202,556.1307,774.0025
212.7733,2385.233,557.031,773.0303
212.9257,2313.443,557.6858,772.0587
213.0781,2344.669,557.1744,771.088
213.2305,2329.958,557.2141,770.1182
213.3829,2325.527,557.4092,769.1487
213.5353,2346.094,556.9,768.1862
213.6877,2351.21,557.3024,767.2202
213.8401,2298.314,558.5729,766.2339
213.9925,2293.9,556.8534,765.2789
214.1449,2380.383,556.5295,764.3229
214.2973,2364.843,555.6299,763.3374
214.4497,2358.381,554.7384,762.3669
214.6021,2406.588,555.0382,761.3973
214.7545,2318.099,555.9341,760.4253
214.9069,2321.765,556.5409,759.47
215.0593,2338.084,555.988,758.4816
215.2117,2258.09,557.6559,757.5096
215.3641,2237.356,558.342,756.539
215.5165,2330.416,556.4751,755.5703
215.6689,2376.376,555.1817,754.5999
215.8213,2387.084,555.8355,753.6439
215.9737,2440.928,554.394,752.6753
216.1261,2481.016,554.6375,751.704
216.2785,2472.188,553.4819,750.7192
216.4309,2435.087,555.1809,749.7449
216.5833,2412.743,556.1332,748.7733
216.7357,2350.752,555.7866,747.8147
216.8881,2235.802,556.8105,746.8353
217.0405,2281.073,557.4017,745.8618
217.1929,2361.05,555.4756,744.8917
217.3453,2399.59,553.8643,743.921
217.4977,2455.271,553.73,742.9384
217.6501,2407.582,554.0302,741.9624
217.8025,2313.755,555.7584,740.9907
217.9549,2218.944,556.5648,740.02
218.1073,2105.193,556.3702,739.0487
218.2597,2104.222,556.26,738.0779
218.4121,2124.316,556.4452,737.1072
218.5645,2225.384,555.1212,736.1373
218.7169,2450.844,554.1264,735.1671
218.8693,2533.254,555.666,734.1966
219.0217,2463.596,556.204,733.2167
219.1741,2360.764,556.4594,732.2378
219.3265,2201.938,558.2742,731.2662
219.4789,2093.999,558.8508,730.303
219.6313,2034.505,560.314,729.3397
219.7837,2030.491,561.3541,728.3715
219.9361,2199.744,558.284,727.4091
220.0885,2394.407,555.019,726.4448
220.2409,2482.209,552.789,725.4754
220.3933,2477.63,552.7509,724.5051
220.5457,2417.723,554.6163,723.5336
220.6981,2357.063,554.776,722.5561
220.8505,2315.113,555.125,721.574
221.0029,2388.819,554.8416,720.603
221.1553,2453.852,554.839,719.6259
221.3077,2380.707,555.008,718.6467
221.4601,2273.736,556.4431,717.684
221.6125,2103.057,557.5635,716.7194
221.7649,2105.489,557.9927,715.7482
221.9173,2238.787,554.2762,714.7781
222.0697,2359.711,553.3119,713.8046
222.2221,2462.302,551.5518,712.8217
222.3745,2494.522,551.9663,711.8506
222.5269,2420.872,555.5217,710.8755
222.6793,2384.087,556.0979,709.8903
222.8317,2336.302,555.4936,708.92
222.9841,2267.447,556.1707,707.9493
223.1365,2341.048,555.6105,706.9805
223.2889,2342.913,555.4161,706.0159
223.4413,2294.381,555.9857,705.0371
223.5937,2212.155,556.2083,704.0654
223.7461,2267.763,555.5446,703.0941
223.8985,2409.045,554.1598,702.1222
224.0509,2360.431,554.736,701.137
224.2033,2420.976,554.7214,700.1673
224.3557,2419.899,554.1099,699.2144
224.5081,2407.089,552.0075,698.2433
224.6605,2347.406,555.2682,697.2561
224.8129,2331.566,556.2255,696.2838
224.9653,2384.93,555.3948,695.297
225.1177,2348.88,555.9134,694.3241
225.2701,2307.555,556.2342,693.3622
225.4225,2283.286,555.162,692.3996
225.5749,2388.032,554.2319,691.4304
225.7273,2338.509,554.9217,690.4446
225.8797,2398.264,553.9982,689.4705
226.0321,2519.929,551.7754,688.5001
226.1845,2428.075,555.9055,687.5283
226.3369,2325.589,557.116,686.5583
226.4893,2233.211,556.9326,685.5876
226.6417,2182.897,556.8696,684.6177
226.7941,2161.036,555.2426,683.6336
226.9465,2352.655,554.2808,682.6584
227.0989,2444.611,554.1264,681.6984
227.2513,2408.177,554.3447,680.7317
227.4037,2404.719,553.5767,679.7611
227.5561,2440.463,553.4208,678.7806
227.7085,2400.396,554.9464,677.8048
227.8609,2433.596,554.2531,676.8229
228.0133,2542.379,552.9321,675.8465
228.1657,2508.613,552.7927,674.8856
228.3181,2421.219,553.8348,673.9099
228.4705,2384.915,554.7928,672.9312
228.6229,2366.443,555.0408,671.9562
228.7753,2338.877,556.5837,670.9813
228.9277,2290.083,556.6168,670.0138
229.0801,2275.823,554.5161,669.0471
229.2325,2306.068,553.9888,668.0773
229.3849,2367.072,553.0574,667.0992
229.5373,2440.124,552.8716,666.1207
229.6897,2420.711,554.6994,665.1418
229.8421,2329.879,555.9003,664.1685
229.9945,2322.411,556.6988,663.1981
230.1469,2355.246,557.3867,662.2171
230.2993,2291.306,559.0857,661.2461
230.4517,2261.652,558.0101,660.2766
230.6041,2377.388,554.1264,659.3071
230.7565,2447.868,554.0151,658.3403
230.9089,2399.45,554.2625,657.3622
231.0613,2339.091,555.3733,656.3631
231.2137,2341.307,555.7325,655.3686
231.3661,2310.684,556.1288,654.3701
231.5185,2289.957,556.6907,653.3816
231.6709,2396.862,555.3456,652.4001
231.8233,2393.239,555.5733,651.4236
231.9757,2372.411,554.6962,650.4365
232.1281,2453.482,552.3723,649.4424
232.2805,2477.119,552.3395,648.4442
232.4329,2405.144,553.2556,647.4503
232.5853,2390.577,553.5881,646.4525
232.7377,2412.928,552.6254,645.465
232.8901,2437.159,551.57,644.4765
233.0425,2428.084,553.3964,643.4813
233.1949,2343.513,557.2789,642.4816
233.3473,2295.597,557.9151,641.493
233.4997,2363.319,556.0915,640.5119
233.6521,2414.614,554.7941,639.535
233.8045,2414.067,554.6164,638.548
233.9569,2493.237,553.0281,637.5602
234.1093,2479.973,553.4013,636.5659
234.2617,2389.655,554.9175,635.5673
234.4141,2303.808,555.1075,634.5778
234.5665,2188.801,556.1482,633.5892
234.7189,2112.436,557.1197,632.6017
234.8713,2107.862,559.2382,631.6072
235.0237,2171.052,558.7165,630.6166
235.1761,2361.87,553.9242,629.639
235.3285,2443.811,553.4666,628.6509
235.4809,2434.781,553.9496,627.6622
235.6333,2454.773,553.6118,626.6675
235.7857,2434.713,553.0364,625.6706
235.9381,2377.018,553.0822,624.6761
236.0905,2432.067,551.8635,623.679
236.2429,2504.985,560.0287,622.6916
236.3953,2448.671,575.3497,621.7034
236.5477,2373.293,569.1675,620.7145
236.7001,2318.808,557.3612,619.7192
236.8525,2215.495,557.5934,618.7214
237.0049,2206.443,556.2969,617.733
237.1573,2307.048,555.8206,616.7522
237.3097,2400.693,554.4351,615.7747
237.4621,2537.122,553.043,614.7874
237.6145,2551.152,552.9393,613.7927
237.7669,2474.652,553.4241,612.796
237.9193,2446.821,554.5688,611.7999
238.0717,2397.776,555.1505,610.8091
238.2241,2349.682,556.0667,609.8216
238.3765,2336.644,556.1471,608.8248
238.5289,2315.036,557.1887,607.8376
238.6813,2322.364,557.3178,606.8506
238.8337,2462.878,553.794,605.8635
238.9861,2498.455,552.701,604.8755
239.1385,2442.733,552.9478,603.8868
239.2909,2442.281,552.869,602.8906
239.4433,2445.529,553.2299,601.8942
239.5957,2416.641,552.9072,600.8989
239.7481,2374.084,553.4858,599.9023
239.9005,2359.617,553.9811,598.9057
240.0529,2395.285,553.6757,597.9163
240.2053,2432.675,554.3956,596.9288
240.3577,2416.42,554.7573,595.9325
240.5101,2463.545,553.8313,594.9457
240.6625,2512.418,553.5168,593.95
240.8149,2463.813,553.9631,592.957
240.9673,2411.36,554.1325,591.976
241.1197,2364.956,553.9716,590.9825
241.2721,2366.107,553.8255,589.9856
241.4245,2391.545,553.668,588.9893
241.5769,2410.896,553.6698,587.9938
241.7293,2446.998,552.9073,587.0149
241.8817,2450.472,552.4506,586.0274
242.0341,2432.419,552.9095,585.0307
242.1865,2424.023,553.3661,584.0337
242.3389,2436.148,553.2075,583.0291
242.4913,2400.157,553.8387,582.0411
242.6437,2338.615,554.2684,581.0529
242.7961,2393.351,553.1958,580.0571
242.9485,2445.026,552.6024,579.0697
243.1009,2385.515,552.6024,578.0734
243.2533,2399.04,552.2859,577.0773
243.4057,2440.618,551.0396,576.0883
243.5581,2408.979,552.556,575.0907
243.7105,2395.877,553.9357,574.0947
243.8629,2412.489,554.0154,573.0983
244.0153,2447.985,553.7684,572.103
244.1677,2498.023,552.4216,571.1156
244.3201,2490.082,551.9928,570.1186
244.4725,2430.923,553.2964,569.1312
244.6249,2377.241,554.5948,568.141
244.7773,2319.455,554.9001,567.145
244.9297,2292.784,553.3931,566.1489
245.0821,2409.927,551.4968,565.1546
245.2345,2459.168,552.5722,564.1581
245.3869,2415.625,553.4882,563.1713
245.5393,2467.391,553.0449,562.1822
245.6917,2466.209,553.075,561.1873
245.8441,2390.991,552.8752,560.1905
245.9965,2389.831,552.6024,559.1946
246.1489,2372.945,553.1111,558.197
246.3013,2323.132,553.3466,557.2106
246.4537,2380.714,551.675,556.23
246.6061,2438.686,550.6401,555.2332
246.7585,2440,549.9142,554.2285
246.9109,2471.121,549.5945,553.2333
247.0633,2446.129,549.8592,552.2355
247.2157,2398.167,549.8592,551.2401
247.3681,2403.161,551.429,550.2415
247.5205,2360.759,552.6024,549.2365
247.6729,2337.544,552.9534,548.2424
247.8253,2330.514,553.0359,547.2457
247.9777,2300.769,552.5538,546.2507
248.1301,2304.123,551.9431,545.2619
248.2825,2341.263,552.2217,544.2634
248.4349,2378.153,551.5315,543.2687
248.5873,2492.061,550.5945,542.2823
248.7397,2517.642,549.212,541.2866
248.8921,2447.573,549.2361,540.2823
249.0445,2404.976,552.7535,539.2775
249.1969,2327.308,554.5545,538.2924
249.3493,2402.086,552.0639,537.3008
249.5017,2435.085,550.8339,536.2965
249.6541,2351.909,551.8112,535.3021
249.8065,2260.123,551.9301,534.3046
249.9589,2211.715,551.8724,533.3093
250.1113,2192.864,554.7672,532.3099
250.2637,2251.988,553.9662,531.3146
250.4161,2451.969,549.6913,530.3274
250.5685,2577.722,548.4037,529.3309
250.7209,2469.274,550.7,528.3277
250.8733,2407.643,551.9928,527.3282
251.0257,2398.815,553.5018,526.3301
251.1781,2304.454,553.6745,525.337
251.3305,2215.385,554.351,524.3364
251.4829,2197.621,555.0408,523.3414
251.6353,2412.677,551.4139,522.3644
251.7877,2555.962,550.0156,521.373
251.9401,2510.541,549.1242,520.3687
252.0925,2451.448,550.0695,519.3747
252.2449,2368.779,552.0449,518.3759
252.3973,2318.55,553.5719,517.3706
252.5497,2440.261,552.1815,516.376
252.7021,2517.477,550.4936,515.3884
252.8545,2521.283,549.7728,514.3893
253.0069,2500.747,551.1248,513.3847
253.1593,2437.319,551.2052,512.3804
253.3117,2372.064,551.3661,511.3924
253.4641,2310.402,552.2823,510.4024
253.6165,2401.438,548.6282,509.4123
253.7689,2535.833,545.7098,508.4148
253.9213,2504.194,546.4862,507.4096
254.0737,2426.902,547.9174,506.3929
254.2261,2404.021,549.9435,505.3864
254.3785,2376.549,551.7814,504.3902
254.5309,2307.264,553.511,503.3887
254.6833,2288.313,552.5043,502.3962
254.8357,2428.388,547.6223,501.3982
254.9881,2544.87,547.2244,500.393
255.1405,2507.254,549.2578,499.388
255.2929,2426.495,550.475,498.3937
255.4453,2410.776,550.3621,497.394
255.5977,2379.1,549.5446,496.3886
255.7501,2362.679,549.6635,495.3832
255.9025,2350.746,550.0667,494.3833
256.0549,2431.708,550.7883,493.393
256.2073,2479.532,550.4523,492.4006
256.3597,2426.691,551.0012,491.4005
256.5121,2498.79,548.2346,490.409
256.6645,2605.157,545.9692,489.4108
256.8169,2547.116,546.6476,488.4063
256.9693,2302.012,549.4448,487.3888
257.1217,2188.013,551.3181,486.3895
257.2741,2117.227,551.688,485.3887
257.4265,2045.467,552.1151,484.3834
257.5789,2124.349,552.9399,483.3904
257.7313,2284.255,550.6374,482.3917
257.8837,2374.254,549.9849,481.3994
258.0361,2492.93,549.9482,480.4124
258.1885,2517.246,547.9111,479.4126
258.3409,2430.279,550.8043,478.4077
258.4933,2385.86,552.5153,477.4019
258.6457,2368.833,550.8571,476.4089
258.7981,2332.431,551.6948,475.4207
258.9505,2246.556,552.5171,474.4194
259.1029,2345.012,551.5026,473.4266
259.2553,2443.956,550.4164,472.4262
259.4077,2418.738,550.164,471.4348
259.5601,2532.302,550.164,470.4347
259.7125,2521.906,550.164,469.4419
259.8649,2377.139,552.6159,468.4415
260.0173,2408.995,552.3993,467.4369
260.1697,2486.998,549.0794,466.4449
260.3221,2449.707,548.7045,465.4445
260.4745,2372.341,548.0435,464.4263
260.6269,2335.694,549.0811,463.4281
260.7793,2309.935,548.8749,462.4267
260.9317,2338.021,548.64,461.4347
261.0841,2409.022,548.1846,460.4353
261.2365,2454.469,547.8021,459.4314
261.3889,2503.557,547.9545,458.4271
261.5413,2517,548.2599,457.4346
261.6937,2436.969,549.0256,456.4333
261.8461,2380.72,549.7111,455.4283
261.9985,2423.326,549.6281,454.4114
262.1509,2404.274,550.7129,453.4091
262.3033,2350.356,551.7747,452.4261
262.4557,2364.478,548.7357,451.4278
262.6081,2353.103,548.1921,450.4237
262.7605,2373.853,547.6336,449.4197
262.9129,2514.304,544.3729,448.415
263.0653,2514.701,547.4512,447.4102
263.2177,2444.301,550.0525,446.4185
263.3701,2464.138,548.1105,445.4187
263.5225,2454.061,547.1844,444.4149
263.6749,2481.405,547.116,443.4112
263.8273,2456.739,547.828,442.4061
263.9797,2362.76,548.7437,441.3943
264.1321,2302.255,547.9916,440.3936
264.2845,2430.617,546.7708,439.4039
264.4369,2465.075,547.9419,438.396
264.5893,2411.234,547.3751,437.3831
264.7417,2556.391,546.154,436.3909
264.8941,2580.019,547.5842,435.3771
265.0465,2445.077,548.5134,434.3829
265.1989,2473.728,548.398,433.3816
265.3513,2491.591,548.5776,432.3781
265.5037,2456.127,549.3689,431.3738
265.6561,2436.619,549.7978,430.3696
265.8085,2398.786,549.8592,429.3644
265.9609,2308.232,552.7913,428.3728
266.1133,2394.057,551.8025,427.3719
266.2657,2465.91,548.1917,426.3748
266.4181,2398.681,547.913,425.3789
266.5705,2437.467,548.0304,424.3761
266.7229,2533.693,549.7601,423.3727
266.8753,2509.123,566.5096,422.355
267.0277,2440.402,553.6605,421.3619
267.1801,2382.953,550.3564,420.36
267.3325,2317.444,550.7178,419.3682
267.4849,2278.797,551.2728,418.3658
267.6373,2341.072,550.3833,417.3614
267.7897,2431.622,549.4124,416.3705
267.9421,2493.281,547.493,415.3705
268.0945,2536.031,546.8643,414.3801
268.2469,2510.738,546.3069,413.366
268.3993,2492.393,546.4543,412.358
268.5517,2460.082,549.7994,411.3376
268.7041,2428.197,551.7373,410.343
268.8565,2505.586,551.7385,409.355
269.0089,2567.953,550.6694,408.3543
269.1613,2556.904,551.2344,407.3505
269.3137,2570.612,549.8495,406.3606
269.4661,2537.018,550.5792,405.3652
269.6185,2450.03,550.2604,404.3689
269.7709,2413.892,550.4214,403.3647
269.9233,2467.51,550.211,402.3611
270.0757,2518.684,548.614,401.3568
270.2281,2548.92,552.2163,400.3666
270.3805,2488.344,551.6107,399.3774
270.5329,2405.372,555.0219,398.3743
270.6853,2317.848,554.6092,397.3708
270.8377,2492.434,550.2573,396.3819
270.9901,2530.857,549.8157,395.3961
271.1425,2472.729,548.0264,394.3939
271.2949,2383.853,551.3967,393.3883
271.4473,2330.479,553.0439,392.3815
271.5997,2244.5,554.0021,391.3897
271.7521,2322.941,553.0705,390.4015
271.9045,2408.993,552.1141,389.4004
272.0569,2372.191,555.1722,388.4191
272.2093,2576.539,550.6089,387.4275
272.3617,2614.979,549.8592,386.4393
272.5141,2524.19,550.6588,385.4365
272.6665,2494.363,552.1081,384.4318
272.8189,2486.735,552.2976,383.4409
272.9713,2420.969,554.1726,382.4531
273.1237,2410.239,550.9417,381.4506
273.2761,2374.694,551.2759,380.4612
273.4285,2462.885,549.2261,379.4586
273.5809,2478.543,550.2949,378.4544
273.7333,2377.794,555.61,377.4638
273.8857,2437.011,554.6342,376.4764
274.0381,2541.328,550.6295,375.489
274.1905,2439.694,550.7079,374.4875
274.3429,2487.69,549.411,373.4836
274.4953,2520.985,549.2496,372.4788
274.6477,2485.416,550.0701,371.4817
274.8001,2428.847,550.7122,370.4844
274.9525,2472.564,551.3229,369.4801
275.1049,2399.427,553.8607,368.476
275.2573,2283.378,552.7481,367.4882
275.4097,2454.163,549.2876,366.5009
275.5621,2571.921,548.1149,365.4991
275.7145,2459.227,552.4655,364.4939
275.8669,2364.128,552.3521,363.5042
276.0193,2364.213,552.5757,362.5075
276.1717,2288.239,553.438,361.5113
276.3241,2241.624,554.075,360.5075
276.4765,2329.77,550.7698,359.5338
276.6289,2462.057,550.7489,358.5332
276.7813,2482.216,549.65,357.5281
276.9337,2471.925,549.8357,356.54
277.0861,2452.504,550.423,355.5364
277.2385,2505.636,550.7511,354.5322
277.3909,2565.677,551.6221,353.5426
277.5433,2531.904,551.4048,352.5558
277.6957,2521.551,551.667,351.5526
277.8481,2414.715,551.688,350.5488
278.0005,2338.8,551.4032,349.5439
278.1529,2286.253,553.9514,348.554
278.3053,2463.926,548.9832,347.5662
278.4577,2554.03,548.3535,346.5775
278.6101,2423.44,548.6221,345.5747
278.7625,2445.186,549.5026,344.5713
278.9149,2587.735,548.1149,343.5685
279.0673,2513.658,548.6074,342.5642
279.2197,2418.023,551.2396,341.559
279.3721,2343.678,553.9882,340.5688
279.5245,2223.049,557.6041,339.5648
279.6769,2338.953,557.4936,338.5766
279.8293,2491.911,556.8977,337.5904
279.9817,2461.72,555.9955,336.6192
280.1341,2531.841,556.5391,335.632
280.2865,2524.442,556.8574,334.6426
280.4389,2433.588,558.3354,333.6546
280.5913,2433.852,557.2194,332.6684
280.7437,2549.797,554.8214,331.6815
280.8961,2543.372,558.2699,330.6953
281.0485,2443.283,556.9182,329.7074
281.2009,2513.668,555.9833,328.7202
281.3533,2469.379,557.1393,327.7484
281.5057,2407.707,557.1744,326.7451
281.6581,2310.507,557.7684,325.7557
281.8105,2264.097,557.784,324.768
281.9629,2353.009,557.4858,323.7877
282.1153,2434.408,556.8816,322.8082
282.2677,2466.427,556.2712,321.8217
282.4201,2507.323,555.0609,320.8343
282.5725,2571.02,555.6411,319.8461
282.7249,2452.616,561.3642,318.8409
282.8773,2358.145,562.0438,317.8703
283.0297,2522.295,556.3192,316.9004
283.1821,2573.548,556.8641,315.9149
283.3345,2484.636,557.4749,314.9275
283.4869,2432.306,558.0852,313.9393
283.6393,2318.447,559.9105,312.9504
283.7917,2335.965,560.2218,311.9704
283.9441,2509.001,556.2599,310.9825
284.0965,2537.008,554.7379,310.0035
284.2489,2540.92,555.6611,309.0163
284.4013,2515.722,559.0079,308.0184
284.5537,2461.103,559.9272,307.0313
284.7061,2320.675,561.4194,306.0545
284.8585,2421.661,558.1,305.0798
285.0109,2689.616,555.3798,304.1033
285.1633,2581.556,555.9415,303.1437
285.3157,2476.349,554.7745,302.1662
285.4681,2383.861,556.7811,301.1885
285.6205,2276.527,558.895,300.2172
285.7729,2269.121,562.7254,299.2488
285.9253,2249.466,560.1304,298.2649
286.0777,2337.34,557.6718,297.2966
286.2301,2429.737,559.4232,296.322
286.3825,2539.095,557.687,295.3454
286.5349,2581.25,555.5742,294.3763
286.6873,2497.523,558.8467,293.3994
286.8397,2464.156,559.5743,292.4291
286.9921,2418.64,560.6667,291.4527
287.1445,2359.011,561.0925,290.4759
287.2969,2340.701,563.4559,289.5133
287.4493,2413.365,561.3332,288.5405
287.6017,2525.5,557.3062,287.5782
287.7541,2625.197,557.5602,286.6193
287.9065,2604.256,559.0141,285.6456
288.0589,2567.07,559.5512,284.6679
288.2113,2500.095,559.853,283.6913
288.3637,2422.467,559.9176,282.7141
288.5161,2385.003,559.4487,281.7499
288.6685,2290.865,562.087,280.7761
288.8209,2382.255,560.6795,279.8122
288.9733,2534.583,557.8857,278.8404
289.1257,2484.094,557.1744,277.865
289.2781,2479.863,556.2947,276.8889
289.4305,2559.337,554.8704,275.924
289.5829,2527.994,558.7134,274.9515
289.7353,2492.609,561.3718,273.9746
289.8877,2464.766,561.9547,272.9977
290.0401,2436.471,561.4347,272.0322
290.1925,2388.794,560.5292,271.0613
290.3449,2419.441,560.2224,270.101
290.4973,2504.087,559.829,269.138
290.6497,2525.188,558.8374,268.1642
290.8021,2501.463,558.2027,267.1883
290.9545,2532.947,557.7128,266.2226
291.1069,2537.747,557.8494,265.2531
291.2593,2544.323,556.8134,264.2733
291.4117,2548.59,557.3893,263.297
291.5641,2534.478,559.4518,262.3214
291.7165,2528.431,560.3959,261.3444
291.8689,2496.107,560.8683,260.3773
292.0213,2467.147,559.7948,259.4081
292.1737,2490.499,558.0391,258.4407
292.3261,2501.844,558.127,257.4714
292.4785,2487.305,558.5394,256.4944
292.6309,2535.24,558.0814,255.5175
292.7833,2547.305,558.8563,254.5412
292.9357,2474.008,559.3165,253.5651
293.0881,2502.273,556.4879,252.5972
293.2405,2584.322,555.1376,251.6378
293.3929,2578.031,558.9495,250.6622
293.5453,2537.262,561.9126,249.6763
293.6977,2508.43,561.7464,248.7068
293.8501,2480.7,561.2152,247.7394
294.0025,2465.531,560.5272,246.7695
294.1549,2474.081,560.4001,245.8094
294.3073,2505.448,558.9805,244.8428
294.4597,2596.001,557.0531,243.8729
294.6121,2623.933,557.2247,242.9068
294.7645,2568.18,558.2459,241.924
294.9169,2553.308,559.1157,240.9428
295.0693,2524.693,559.8563,239.9761
295.2217,2440.535,561.4723,239.0049
295.3741,2407.4,561.1031,238.0386
295.5265,2558.279,557.9879,237.0681
295.6789,2633.631,558.2745,236.1035
295.8313,2532.942,559.2128,235.1276
295.9837,2467.285,559.0955,234.1565
296.1361,2409.251,559.5762,233.1911
296.2885,2366.661,559.9631,232.2143
296.4409,2466.362,559.1408,231.2421
296.5933,2523.696,558.8597,230.2735
296.7457,2470.771,558.9191,229.2895
296.8981,2561.461,558.0832,228.3266
297.0505,2583.269,559.4349,227.3504
297.2029,2480.085,560.4181,226.3782
297.3553,2450.621,558.6725,225.4147
297.5077,2586.685,557.5424,224.4386
297.6601,2549.84,558.0255,223.4611
297.8125,2461.625,559.0607,222.4854
297.9649,2487.958,559.2534,221.517
298.1173,2418.318,559.1071,220.5464
298.2697,2394.763,559.7596,219.57
298.4221,2319.872,560.1582,218.5947
298.5745,2493.425,558.3907,217.632
298.7269,2489.917,560.1015,216.6557
298.8793,2460.648,559.0095,215.6824
299.0317,2542.544,556.7317,214.7204
299.1841,2579.08,555.8393,213.7441
299.3365,2515.802,557.5079,212.7667
299.4889,2487.02,557.7327,211.7899
299.6413,2505.624,557.2201,210.8127
299.7937,2462.289,557.7038,209.8501
299.9461,2442.528,556.4456,208.8734
300.0985,2517.926,554.5878,207.8965
300.2509,2492.725,557.8289,206.9201
300.4033,2404.487,559.0705,205.928
300.5557,2319.236,561.4092,204.9605
300.7081,2500.458,559.5631,204.0081
300.8605,2668.731,553.8337,203.0271
301.0129,2614.546,556.2747,202.0412
301.1653,2529.823,559.0121,201.0541
301.3177,2493.715,560.832,200.0494
301.4701,2440.102,560.8275,199.0798
301.6225,2460.504,559.9192,198.1104
301.7749,2366.307,560.2139,197.1251
301.9273,2421.572,558.6953,196.1564
302.0797,2532.144,558.0922,195.1711
302.2321,2557.852,558.6984,194.186
302.3845,2528.645,558.6951,193.1992
302.5369,2463.729,558.0934,192.2295
302.6893,2410.183,558.9933,191.2433
302.8417,2444.526,557.1699,190.2741
302.9941,2549.75,556.2632,189.2872
303.1465,2503.039,556.8711,188.3017
303.2989,2511.637,557.1744,187.3153
303.4513,2631.709,557.1773,186.3297
303.6037,2571.656,557.7824,185.3434
303.7561,2505.849,557.4826,184.3575
303.9085,2479.551,558.0825,183.3719
304.0609,2585.581,556.8831,182.3856
304.2133,2509.975,559.3002,181.4001
304.3657,2505.834,557.774,180.4302
304.5181,2657.869,555.9659,179.461
304.6705,2631.359,558.0905,178.4746
304.8229,2512.841,558.3951,177.4816
304.9753,2480.585,558.692,176.5037
305.1277,2403.073,557.4822,175.5018
305.2801,2418.132,558.0856,174.5404
305.4325,2443.633,557.4748,173.5627
305.5849,2574.208,556.5696,172.5599
305.7373,2613.516,557.4843,171.574
305.8897,2526.491,558.3873,170.5889
306.0421,2427.923,557.176,169.6027
306.1945,2413.467,557.4885,168.633
306.3469,2308.989,559.3113,167.6456
306.4993,2307.818,559.9008,166.6591
306.6517,2470.339,556.5615,165.6728
306.8041,2532.846,555.9552,164.7045
306.9565,2502.25,555.9552,163.7023
307.1089,2549.127,555.9552,162.7168
307.2613,2574.911,555.9648,161.7473
307.4137,2557.696,557.784,160.7617
307.5661,2494.964,557.7919,159.7759
307.7185,2487.566,559.3063,158.79
307.8709,2410.015,559.0079,157.8044
308.0233,2413.017,559.9126,156.8172
308.1757,2416.913,558.9908,155.8475
308.3281,2596.522,556.5648,154.8622
308.4805,2691.529,556.5633,153.8945
308.6329,2597.253,556.26,152.8927
308.7853,2458.243,556.2721,151.9076
308.9377,2305.947,558.6903,150.9212
309.0901,2296.552,557.1758,149.9348
309.2425,2409.551,557.492,148.9638
309.3949,2514.665,559.8956,147.9782
309.5473,2651.855,555.3503,146.9919
309.6997,2623.4,556.2583,146.006
309.8521,2516.179,555.9583,145.021
310.0045,2551.044,556.5665,144.0401
310.1569,2558.656,556.8665,143.048
310.3093,2490.984,556.26,142.0606
310.4617,2488.49,556.2554,141.0746
310.6141,2585.656,555.3505,140.0887
310.7665,2521.471,556.2675,139.1037
310.9189,2415.525,557.7743,138.1342
311.0713,2513.429,555.9745,137.1307
311.2237,2396.764,559.932,136.1433
311.3761,2352.645,562.6318,135.1565
311.5285,2468,557.4666,134.1715
311.6809,2659.933,555.0408,133.2115
311.8333,2647.022,555.0455,132.2189
311.9857,2456.358,555.9636,131.2321
312.1381,2339.919,557.4854,130.2445
312.2905,2323.463,558.7133,129.2567
312.4429,2224.95,561.4462,128.2786
312.5953,2215.676,562.3299,127.3022
312.7477,2342.169,557.4642,126.3182
312.9001,2578.249,554.4312,125.3497
313.0525,2624.337,554.4431,124.3477
313.2049,2488.733,556.8745,123.3612
313.3573,2437.636,557.7891,122.3576
313.5097,2373.047,558.6968,121.3879
313.6621,2381.756,558.3868,120.401
313.8145,2338.752,557.1744,119.4155
313.9669,2485.542,557.1777,118.4296
314.1193,2584.101,557.7778,117.4445
314.2717,2604.07,556.5483,116.4588
314.4241,2616.331,553.5335,115.4975
314.5765,2483.209,556.8713,114.5022
314.7289,2522.843,557.1714,113.5161
314.8813,2692.439,556.5648,112.5293
315.0337,2586.606,556.5693,111.5437
315.1861,2505.921,557.4792,110.5574
315.3385,2491.202,557.4758,109.5795
315.4909,2526.865,556.8665,108.6024
315.6433,2500.496,556.2651,107.616
315.7957,2410.496,557.1619,106.631
315.9481,2507.203,554.7344,105.6446
316.1005,2543.985,554.4389,104.659
316.2529,2541.335,555.9667,103.6727
316.4053,2602.94,558.0812,102.6865
316.5577,2590.246,556.5665,101.6832
316.7101,2449.734,556.8817,100.6976
316.8625,2396.434,559.2822,99.71179
317.0149,2478.641,554.4327,98.72671
317.1673,2609.451,554.7392,97.74094
317.3197,2504.581,555.3524,96.77098
317.4721,2429.69,556.5601,95.78481
317.6245,2369.226,555.6656,94.78046
317.7769,2230.112,558.4014,93.77747
317.9293,2252.738,559.8909,92.79111
318.0817,2387.595,555.0377,91.8062
318.2341,2505.286,554.4395,90.85408
318.3865,2558.1,555.9521,89.8521
318.5389,2577.658,555.3423,88.86573
318.6913,2513.725,554.7435,87.87969
318.8437,2457.974,556.26,86.90077
318.9961,2452.471,556.2615,85.91168
319.1485,2344.042,556.5632,84.91985
319.3009,2352.777,556.2515,83.93349
319.4533,2490.886,554.7344,82.94841
319.6057,2469.354,554.4261,81.96205
319.7581,2533.183,553.5214,80.97647
319.9105,2568.192,554.4445,79.99002
320.0629,2420.637,556.8742,78.98804
320.2153,2349.297,557.7791,78.00217
320.3677,2403.93,556.8696,77.0161
320.5201,2389.963,556.8762,76.02924
320.6725,2383.609,558.0783,75.04324
320.8249,2507.332,555.9568,74.07381
320.9773,2569.593,556.2645,73.08923
321.1297,2485.948,557.1728,72.10486
321.2821,2475.598,556.8748,71.1189
321.4345,2403.614,557.7887,70.11641
321.5869,2329.546,558.6934,69.12906
321.7393,2428.346,557.7886,68.14307
321.8917,2496.044,558.6934,67.17312
322.0441,2503.854,557.784,66.18805
322.1965,2474.046,557.7906,65.20219
322.3489,2298.208,559.0077,64.21761
322.5013,2339.819,559.9127,63.23074
322.6537,2306.804,558.9852,62.24478
322.8061,2470.864,555.3456,61.28082
322.9585,2633.453,555.35,60.29769
323.1109,2520.641,556.2616,59.30286
323.2633,2452.006,556.592,58.316
323.4157,2452.892,561.4494,57.33042
323.5681,2432.083,562.9841,56.34365
323.7205,2447.244,566.3649,55.37458
323.8729,2495.104,575.474,54.40572
324.0253,2513.699,577.5945,53.43772
324.1777,2453.731,577.2896,52.48537
324.3301,2403.683,576.994,51.53327
324.4825,2340.117,578.5266,50.57952
324.6349,2361.623,581.5494,49.64384
324.7873,2286.152,579.7072,48.69149
324.9397,2504.126,575.455,47.73989
325.0921,2529.443,573.9654,46.78704
325.2445,2422.566,579.1268,45.8336
325.3969,2344.435,580.3392,44.86372
325.5493,2235.11,580.3308,43.93232
325.7017,2255.254,578.809,42.99166
325.8541,2305.577,577.5927,42.03932
326.0065,2411.246,576.9788,41.08773
326.1589,2460.258,575.4689,40.13538
326.3113,2507.663,576.6771,39.18378
326.4637,2439.623,575.7607,38.23103
326.6161,2369.122,574.551,37.29584
326.7685,2393.695,575.1656,36.3424
326.9209,2336.056,576.6918,35.37264
327.0733,2346.504,578.4946,34.42055
327.2257,2442.844,575.4607,33.46821
327.3781,2414.743,575.1576,32.51711
327.5305,2364.604,575.1592,31.56476
327.6829,2293.233,575.4593,30.61225
327.8353,2339.261,574.8495,29.67523
327.9877,2386.715,574.2417,28.70623
328.1401,2330.564,573.9351,27.75338
328.2925,2435.41,573.3318,26.80129
328.4449,2517.4,573.9401,25.84844
328.5973,2404.766,574.2447,24.89635
328.7497,2357.236,574.5464,23.94291
328.9021,2402.017,574.2466,22.97315
329.0545,2405.306,574.8401,22.02106
329.2069,2463.733,572.4127,21.06921
329.3593,2415.687,572.1112,20.11753
329.5117,2354.951,572.4111,19.14785
329.6641,2346.324,571.8063,18.21008
329.8165,2409.484,572.1113,17.23932
329.9689,2314.615,572.4343,16.28666
330.1213,2238.902,576.3474,15.3179
330.2737,2406.726,570.8708,14.36731
330.4261,2552.156,566.9587,13.41685
330.5785,2394,572.7251,12.44735
330.7309,2393.549,573.94,11.49345
330.8833,2307.596,574.2466,10.53061
331.0357,2236.036,574.8417,9.569477
331.1881,2243.083,572.7175,8.600218
331.3405,2258.543,572.4004,7.648715
331.4929,2364.444,569.6712,6.713778
331.6453,2444.833,569.665,5.762096
331.7977,2411.604,568.4421,4.792243
331.9501,2339.235,566.6324,3.823154
332.1025,2385.448,568.4634,2.852846
332.2549,2283.409,570.5856,1.891757
332.4073,2365.645,570.592,0.9300464
332.5597,2298.674,571.8107,-0.004550093

